W1,W2,W3
-0.10905750353826538,0.49453483560310607,-0.8207931218980911
0.17772494539187086,0.5403398911002343,-1.1247479789754133
1.954636983840692,0.7440028664619047,-1.7536774866903553
1.6338721005541759,-0.6026802369963691,-0.0897541396027256
1.975531629284492,-1.122022436849895,0.918499059442959
1.4005467415787443,0.2610489415695425,2.356042512375427
0.45488525478650166,-0.6232116935727183,0.2885068265621902
-0.5883676575721875,-0.38870755620046327,0.4854053880977386
-0.01749302945607467,0.6328294709357922,0.2557045859267763
1.4447875624292794,0.051757902229940034,2.848021459553007
1.348061128979646,-0.8312786053013126,0.35311823171539114
1.1565029797330082,-0.6391020879765071,0.8905596099497874
1.0514891144400489,-0.39237995664512637,-0.40151391309351125
-0.9891026674658402,-0.6427049303895842,0.6556418377767167
-0.28045758960271616,-1.5670912439067801,0.5010018447395403
0.2450885849274787,-1.6674030581545232,0.4042260283152981
0.18075301090973925,-1.9766718269078847,0.5599003745059323
0.651161031823104,0.09471532972133467,1.3337522392878691
-1.052088852045539,-0.8904673750544554,1.1819113868525943
-0.012258475110560663,0.06981399877882011,4.443687184081018
0.5647612731378866,1.170472639570009,3.175845355533711
0.9337718878747413,0.2699670751446589,2.3468918982601226
-0.30593927060020115,-0.10183506916767943,0.6880824013009579
-0.07109549591377802,2.263741032089669,-1.5232239919412693
0.6507124424176246,-0.4808453551448173,-1.2335438617600682
1.4143068181761786,-0.17614265847694588,-1.6945167088093402
-0.0081503001718789,0.5915264196962029,-1.5776249861218068
0.21238343949603541,0.3413350497519152,-1.4404128406667203
2.250135809073343,0.8045865471939688,-2.7453490069909674
1.3115222193060991,-0.25949319117140357,-0.5202411686992597
-0.1367596287796511,-0.2444830370526008,0.24486669463082728
0.7973753797802959,-1.3225379255820766,-0.21206788852553474
-0.0762576212708082,-1.3145981953647503,1.6594202960183295
0.3668529003255514,-1.9181830520174203,1.7475720950639408
2.305582647175409,0.07337373454243667,-0.645583918422043
0.6685572507214532,1.3035980164578411,-1.0304614248298023
0.778098053506955,1.4264330616582575,-1.442161183992984
0.32952367069167743,-2.528050809239944,-1.7454682333307818
-0.08780631604732159,-2.5118085865848214,0.7596771872662443
-1.4740445359842935,-1.6959487799893944,0.5105791709192136
0.7042510210739688,-2.2838365411741366,1.4184533376145665
0.3623585715565714,-2.1234269216350192,1.171330143070554
0.3802389813517557,-1.6619303379763042,0.6554671565252959
-0.19519410618588207,-0.7174478237369041,0.9898642527836943
1.488419763052411,-1.596539410695301,2.6279655010481138
-1.2078779179962964,-0.9500548003832338,1.902299957008633
-0.3229470912631155,-1.0977269200122108,0.7430277281470412
-0.6544744802903908,-1.138228216950317,1.2211159610945455
0.029778245819851945,-1.2620237037358129,1.5101578559805233
0.32218864378653533,0.18185026697105366,1.384707769913874
-0.6679006890288048,-0.46925590671144285,1.4396474900801988
0.2764199209190624,-0.25552954731986954,0.8371511283488814
1.4158748562479562,-0.7193361624957647,0.9656729453444783
0.5057447756900841,-0.5773492844751027,1.5816133246594295
1.078288736833072,0.5248349937630872,2.0962854694840436
0.560148210049295,0.9443704681765075,0.7378759781485658
0.6042404575130896,0.34204217972056916,0.46593395406700105
0.8972772541934584,-0.647199593373188,2.325354252718961
-0.5573787544029728,-1.5377884094743262,2.320787999859548
0.5129733167614494,-0.14477438768500794,1.7887395091940541
0.2442398855338101,-0.9696415653283355,0.9701743127907534
-0.5550417687452066,0.49029895075358343,0.33802977489323804
-1.103018081165115,-0.07623636627620173,0.5819463417222435
-1.1152335933865323,-0.8603385787045323,0.534660382353034
-0.31265022558454336,-0.9371124647233959,-0.20370811444180575
0.07572482456536461,-1.9166405738590222,-1.509317831597458
-0.6805818089697537,-1.1717674386413583,-0.4437513502007244
1.135065312464675,0.2717759038813402,-0.3818142050637893
0.5485164483296486,-0.8666414126971387,-0.20942023852428457
-0.014400414755313562,-0.11060214601047985,-0.9319410628144652
0.5121463068635155,1.4774378399973378,-0.5747306798640902
0.6577848755306992,1.4288629117097815,-0.6885858118178814
0.5529849195757663,0.7270238566366857,-0.24661680736010896
-0.4965173240675833,0.38802210257728553,0.374689887565395
1.20288494576125,1.1532818773738496,2.3405274012942536
-0.16590509000742448,1.448961575407603,1.3536057063854785
2.10685038821396,-0.08381749765134994,-0.1629189889880368
0.45403254866295795,-2.165804473135482,-0.6072145161747795
-0.532116387222219,-0.9325084500915334,0.038148717689769684
1.6101126456047767,0.48416961314028356,-0.5578292968175182
-0.09335834854596958,0.7340039780766475,-1.5991478554294014
1.784779591581369,1.5464421097596108,-1.2687495798194055
-0.8207447333001935,2.127093429045219,-0.7489146351623206
0.8274439453233651,-0.5308809442717577,-0.9738323405349332
0.4189656723798657,-0.21845987837113678,-0.9369816417467103
0.8323327685374315,-1.1768503685681628,-0.6108703058946486
0.5364620159806146,-0.0739863502253324,0.40617972514156525
-0.8564110838475617,-1.5711073458482885,1.4807666844692917
-0.0958915299441892,-1.5340402094806977,2.2915353177571687
0.06772886932076407,0.41227707932347757,1.2132861402886932
2.0946123595423694,1.9614793821049432,0.3576789216652731
2.01887713072554,1.6261156406376192,1.5474710183649851
0.044515104782665516,1.4991092803172488,1.8321599960320802
-1.7364819340317816,-0.4337038725071507,-1.1231521797440605
-1.1376478014604485,0.5006903195423867,0.9407809622239979
-0.4947291203104491,1.8789607053424853,-0.9097109771028924
-1.9507469995103792,0.8839326537746238,-0.07079003961213892
-1.0080682478492826,-1.6254757731525646,-0.12451505931885787
-1.8085036244294945,-0.14306533774624386,0.30434071643741933
-1.8441315985421025,-0.5853995862098155,-0.9070431636702418
-0.9847448965442231,0.6624425273963306,-1.4392476281706648
0.011674067245732833,-0.1990363546742755,-1.5124966463476766
-0.10119332633169141,-1.1347604997565117,-1.3098976285210204
-1.2484745557546941,1.3973448830381334,-0.6196852622887816
-1.3239627858699325,0.9126523522532887,-0.42217068083522047
-0.8829509924681889,1.0704928761700696,0.5464223696296948
-0.9719766438446219,-0.04057180255964521,-0.001840512336796607
-2.7879094866578957,-1.5354769634783747,1.3659540112761261
0.2510129701723358,-1.0167745212955657,1.2595339686938294
0.436756639629704,2.570493547807455,1.7493418957814915
0.09046072833408547,0.3297063333033017,-0.7317753723668268
0.24869400003426584,-0.5914975786326525,-1.7881413957810874
-0.5222258842253937,-1.3772967929307214,0.793070937182021
0.6205268148367536,-0.696621037781978,1.8764796074810368
0.38763171506599514,-1.2095947202192527,2.4613638810101754
0.7327259012176562,-1.6420435144360828,1.0403432624214795
-0.5092553027759292,-2.2038214881823777,1.446349178742381
1.6547889890821659,-2.5004783179103303,1.2861438260617613
0.17675192541925577,-1.7373645427198614,0.050677988792011464
-0.7756148069701881,-0.8201606434151038,-0.805611122015032
-0.11735057770525525,-0.4603184311566888,-0.6417536078739258
-0.9662389508942255,-0.8069305461466771,0.43451442188879313
0.017797712177268,-1.3810205178718897,0.3165895163736224
0.7602859794604231,-2.3599155400573166,0.7016549505667462
-0.28248076921563514,-0.609359101435499,-0.41243168125914376
-1.9461224852723367,-1.9322219886009122,-0.15813089396818988
-0.7133387409146865,-1.8704276194048646,0.559527011793279
-2.0181894327263032,-1.0012936083497488,-0.931252693865817
-1.6609308241653107,-0.4532481328584604,-1.3260397122168608
-1.2150209563124807,0.7796687427852104,-1.239911725631579
0.22818163390890145,-0.739872483265013,-0.09015168490050673
1.5556594376123511,-2.841580741759796,-0.8419710979207302
1.3549018459867157,-1.6238357569228905,-0.049839675589056276
0.07346573627753727,-0.7253280909885453,-0.18059707318660762
1.204514929798576,-0.10824320219305955,0.24730412548189837
0.19038049877682062,-0.5417278251690233,-0.3089061250786717
0.48964239176670715,-0.6918483934047746,0.135321794357077
2.320221994528792,0.5252005067293051,-0.2583626349893026
2.3613249194283408,-0.14547511965689885,-2.1673058526725053
0.1725761487967663,-1.943529480854305,-1.4351664103775614
0.10470645358793484,0.7046725718481301,-0.39065583142461807
-0.16674730201489682,1.1817418671075544,-2.406463224720194
0.15224090710111754,1.361736127440744,-2.6818178581399383
1.219874496757488,1.0193644712147862,-1.7561968429707704
1.2427191144850287,2.780375093411789,-0.69623216642689
0.8695801435428504,0.9308266471656503,-1.1979604526782368
1.2651258883156709,-0.39067050232604206,-0.5274139891197259
0.15490549739271875,0.283644574583371,0.06995511072708549
1.1149926929542588,-0.36819411156306164,-0.2348973799298285
-0.42126736930517794,-0.6283903158576422,0.2598518030799377
0.546354931992763,-1.2363604821064464,0.999531821645629
1.6288153248013324,-0.20474533782952237,2.3765617233808802
0.04061846329709318,-1.3470273722261783,-0.5904393872138385
1.5163535431377295,-0.019148029759031404,-0.3508043645173743
1.038145397888685,-1.1350630621778923,2.270349797358139
0.64829388091957,-0.45813673648405323,1.860941522577762
0.8051561721964982,-0.005184343962895244,0.13999630584356904
0.8740464432342447,1.879432324493586,1.4154181990767623
2.0302098482565194,0.42850048581560773,-0.28189572072019975
0.8893180040286115,0.26997515519649845,0.9532436581108487
-1.2478056277005136,1.664537897058863,0.31861393047643494
-1.0507838837976768,-0.17983542673073627,-1.4955497066275523
0.29777864206307614,-0.016599746176964247,-2.03773575305483
-1.146189451032078,-0.34408457237861034,0.6501536487619779
-0.8326860768796438,-1.6751852393074114,0.07933376029504488
-0.6890666081874921,-3.5344792625952772,-0.014627986370289767
-0.575467834302424,-1.0710332664842204,1.8416421017602003
0.8388311123965454,-0.8044053237969406,-0.18570485786156998
2.992775359448133,-0.3429842278839821,-0.07892313701783879
1.4722625926140631,0.02659264682586429,-0.18382198043286213
0.16246928942679528,-0.53356261782746,-0.12466426043242945
-0.46219012642036733,-0.9796270915908943,0.04409809747568211
-0.4860722806310389,1.0141794427872413,-2.628920759655171
0.8484707116069423,1.7531749138912498,-3.3878506122357352
0.08154776172312239,0.5051465909498334,-3.1014370008356886
-0.7370428067293141,-0.8580025499909121,0.2015519430057784
0.5671569897828042,0.8425538199987027,0.8224480355461241
-0.8454732763258269,-0.1032433562804223,0.9005985790009801
-1.6448644470548588,0.6613767520321769,0.20997389134235517
-1.1972530310770266,1.0416483442195803,0.5492502571572175
-0.9595926813575932,1.6801539754740382,-0.8064381990212885
0.13613926626546713,1.433178245705403,-0.7127655388246346
0.39420265537485155,-0.5345244535326017,0.5676442497945837
0.012199191244436747,-0.7899852472853404,1.3328313507341811
-0.6982440949205408,-1.8034539200062298,-0.8902134981568132
0.2568879038853692,-2.182156312499398,1.309687432905958
-1.9534854559410375,0.6053782120403393,0.8658611836555974
-1.073455839840911,-0.2422299807887799,0.8320667061798694
-0.5743626223453039,0.9821868916221319,0.5302610017519743
-0.13687954971077435,0.1274812335972101,0.2081848771549197
0.23936199403667202,-1.6464277758580204,-1.2440929835282533
0.862945091041051,-0.6523484498010683,-0.8060298281168058
0.44990647858591865,0.021407480461136885,-0.9427745943677643
-0.5533514861093534,0.20654899532825,-1.4497600747989141
0.13157701265979516,-1.5993091065737155,0.3042755999261866
0.5383859887429405,-0.5436248189729821,1.134828783908607
1.934667438834047,0.7425576555316393,-1.2734598393773418
-0.31224324731867803,-0.25353974992985917,-0.6106388694778371
0.36153739680978403,-0.8525136881183952,-0.11855267026184022
-0.5746142339484306,-1.0377746470511457,-1.4659374319791423
-1.2105403630851197,-1.8705719291419065,-1.7088419689669039
0.44837161506527967,-1.8846848534028964,1.777961080353939
0.7175037084135291,-0.7575063030065743,0.030622759995756144
1.0590617336157557,-0.9543909777410611,0.1373211946432395
3.0896154050766724,-0.5732553885951804,1.2179339236072955
0.8416312774124488,-0.3216161847945519,2.379767597439158
-0.206151419081543,1.6516404655996528,1.8976357341750543
-0.6655424854350391,1.4582279718553472,1.921372316714257
0.28903871949967685,-0.8411107339627828,0.23354898253225986
-0.10299927580166632,-0.4949887960814377,0.7374465888168079
0.1262013630324207,-1.5828387567508202,0.7489211454143672
0.6736864268000335,-0.23162893044437027,1.4552412982618055
1.170765367948921,0.34336561400625154,0.6574549376722557
-1.0755782495415305,0.6013010261357117,0.536415155999239
-0.2662102875753917,-0.9760980627524538,-0.8128489624086429
0.9200477095452076,-0.527604185232882,0.27507621616830297
0.4883422309030631,-0.23404595312069776,1.0758219140601493
-0.2718736127658423,-0.020902199619365444,0.07563566832503188
-0.5704330338152368,-0.3196232232783221,0.25995160579622867
-0.7639651385710955,1.0959445139343598,-0.7646314993213896
-0.5688542134469068,0.10824119869300497,1.064662134693038
-0.08787233021187876,1.0859651388151375,-0.9532293056904529
0.22311410076331945,1.4326133650310058,-0.3943306635698023
1.1770374254470108,0.19901823241513072,1.2121821084006787
2.887416836342756,-0.2633294442320937,0.16058853279956758
2.897092895289079,1.4479074236146654,-0.4425657607534845
1.028359630548682,0.4421691029468253,-1.5657333914110194
-0.40447213120985726,-0.7830562152786552,-1.5506642608096382
-0.23692095299170973,-0.15731337510280738,0.7751683624092578
-1.1168145172346458,0.9056657109251801,0.17359533697911994
-0.6078709682697558,1.1276523476291935,-1.0359243530727387
0.07847426204917268,0.7302783820276527,-0.02551091252822052
0.3284057749324044,2.8204393309247204,-0.6504954405154262
-0.36679406753561544,0.7870791390375959,-0.8807248394179678
-0.8207841610743254,1.5825561006263498,0.9801418282808709
-0.981138374286639,-0.04107752279105381,0.9614864705268396
-1.042792231424291,0.6123930563599842,0.6836662561147195
-2.0371402307093773,1.8537017295100537,2.1377108011528816
-1.6313588058390747,0.5391493048190428,1.354720791301346
-0.4812226129325122,0.9281189250823518,2.6875649344170225
-0.4175585339603055,-0.3342377819972778,-0.03553676080601598
-0.9397093069220719,-0.200245863872436,1.7767894831147797
-0.9874659524972074,0.1236650197026805,0.8719718454846378
0.6946602971994803,2.588764935724962,-0.09488285017800174
-0.14210929391848198,2.338543344931553,0.6344500645373106
1.7756526787767926,1.7531998577917405,-0.042067058518404254
1.4784811700807055,1.9853035094787779,0.7994486519381622
1.2465146161476506,2.059326444328543,1.5690199164147538
2.0054162991113524,1.678373109753914,0.6173918778905225
1.1494218359889992,2.045695521385314,-0.5082397320419748
0.9433842268674008,0.6295089483652963,-0.22537504308616993
1.7501439760409991,0.5058535422025514,-0.06625097338693615
-0.4847841529594197,0.9991803371284964,0.6123586944476074
1.9208626468257504,0.19181193361124765,0.5253296748877425
1.2098150071236304,1.6733592465690983,0.16736930505691916
0.8839290293321544,1.4445761330010884,0.2702937756848177
-0.004469099884451044,0.9163780593988518,1.208778637702181
-1.0287498493532858,0.5911587038463019,-0.09573149608808273
0.6806717042481996,-1.2276075528606238,-0.6067875953156296
0.7175477271886206,0.9517202528040285,-0.36914405873080264
-0.19642566309888798,2.3570171958426043,-1.6325859297816454
-2.297018788169526,1.6185230479746346,-1.318347189243434
-2.1697422112154765,1.5176179712866706,-0.41537288085051816
-1.6489497363444667,-0.5214954130275591,0.6647708878548856
-0.17427369021357242,-0.35992357029316246,2.1790224399751086
-1.1572216114329388,-1.70548695607132,0.39760315010630987
-0.6241968220719671,-0.6094040287129682,-0.04243448280317494
0.03995698547831322,-1.5562414385469283,1.4225473626716723
-0.06217268565341222,0.3391751123146637,1.0539990277135403
0.4256668763270778,0.7393548363895355,0.974708073874085
0.8555561980310828,1.6988299483271991,0.6838752066385126
1.1367818566040537,0.7596792798763728,1.782054818768729
-0.10800137375724284,2.180780072849002,0.8508694587400212
-1.4847757889966695,1.2184944513352902,-0.25561692810487024
0.09825565449038953,-0.043376753634746024,-0.5739918972672149
-1.8404129037003363,-0.4739946960664497,-2.710875275262564
-2.5041092753358916,0.5234173081110725,-0.5696374789804498
-0.826597075882981,-0.7052674890736768,-0.33253009563220476
-0.4169010770320589,-1.5109984337293807,1.3371332539510483
0.6689117520596419,-0.9764633906943543,0.695452465970055
0.5428386839773734,-2.5299665637714677,0.10054885046443054
-0.41056490600911183,-2.2666032917806493,-0.23082586765373964
1.5924040738449667,-0.4924587846233148,-0.6865919236096666
1.368784818278642,1.1531260442743447,0.5813377211079356
0.7440227790594951,-0.07037375556840153,0.9888921741675578
0.7654967749514973,0.8600063422435316,1.1296178887657484
1.4323011027950838,-0.10523204043880219,1.8822030100172
0.9137501560899416,2.0226448524058642,0.25191368691903215
2.19283888121022,1.2092332096655798,-0.5254611601549323
0.6125336065507885,0.2842692966384697,0.16143536632445027
0.8291022913108939,-0.43156535561934417,0.056363090901242294
2.556821504267311,1.5117604922910393,0.4645052151246532
1.3164142303018558,0.875911572863781,0.8457705802927432
-0.36458545004747767,0.18057924900854533,-1.2456987837312183
0.21693039758154042,0.7374855642070137,-1.106035854164983
1.682451962080803,-0.8570228808988342,-2.0173928072923113
1.0656777996003735,0.6185868621627375,0.675231287811713
0.07395463693124671,1.3879742645126645,0.29910717440514933
-0.13564998147519627,1.5776470697430045,0.8018764656159942
-1.6442171477218475,2.265363884597398,1.7810295869554487
-1.4476712753704533,1.528485475736108,1.3845449797604632
-0.4631618718613195,0.21393758402263385,0.02064912194218005
-0.25713500692210506,1.2796978112706816,0.5539247155655224
-0.49918183554715845,1.4115476162836855,-2.571580262847314
0.8991747825985242,-1.0339399706362569,-1.6482310728267893
-0.6700825033268818,-1.811651461039034,0.33671125096512455
-0.8027424529753322,-0.5593218487888012,0.1214350466033782
0.07566960073545537,-0.20283903333414524,-1.2222747008868806
1.0341016198148676,-0.5951760998283852,-2.1677192491031914
0.08893564894152128,1.2031717407201183,-0.2336378824381028
-0.30418430993709855,0.2523281660416304,-0.438453992436434
1.9246558285922917,0.5080995352523685,0.21081465097285262
1.992611368327988,0.4928389266526978,-0.1536348203342768
0.7999558350790157,0.17481820391228495,-0.11403964667698
1.1276074611764877,0.1393549877634419,0.6756202538770892
0.48308715047966155,0.14831268419781155,-1.660390557593563
1.1578712499423123,0.42064481799689846,0.16781483106287076
-2.317319753222533,2.298697113779177,-0.055682212623738375
-0.05047705987375006,0.10944262976405761,0.5849327987507005
-1.078654093110531,-0.5690476458137763,2.2064977532421364
-0.7300094473186121,-0.06709094972716528,1.973316607309822
0.13067716431329846,0.11687343027999364,1.3516193061211361
2.4687541673949243,0.0008179181064114291,0.8769086997755355
2.285031479705074,1.1059348920111896,1.625484655448148
1.7812459618817216,-0.5900374667248888,2.44617386002517
-0.2557224120778272,0.007616731876588845,0.46881107999322713
-0.1919995526319062,0.33257077624177517,0.5557627554468867
0.3259209779193316,1.7799966571795347,0.7314156792374231
-0.08119614633098296,1.8540854968781249,1.5551783285433523
-1.268205888302484,1.5244428182889205,1.4787619065825743
-0.931666447511234,2.13792822245608,0.58932536625876
-0.34025677028407436,0.8958922869441703,0.31024173071084754
-1.266403472037239,-0.9921047391222092,1.749625928580396
-1.4801630843369473,-1.4874447190174118,-1.278577149313517
-1.379043289857976,-2.0668121529162047,1.0027265854796106
0.3202954444136461,-1.7215564216358261,2.753799098084114
1.1419132091984174,-1.1856095943265355,-1.1225061658315156
2.86189917718995,-1.9823772639268638,-2.2066518298726496
2.453520020604615,1.4485637743758408,0.2809469035741934
1.7906691303546671,1.3190362288532063,0.9938890105674044
1.6542631549640987,0.9407095383959789,0.6011456092355782
0.7645384495825269,-0.2836098196686868,0.01989772775101506
-1.310687589404122,-0.2401445366290933,-0.97864224327541
-1.7589331119178322,0.059821882838931806,0.9026811647068943
0.038850050043397144,-1.5405896622037116,-0.5382875542168903
0.9601962130099144,-1.7527822246401654,-0.4937769271054698
1.030150205529509,-1.844735567183718,-0.141512957406775
-0.8189503921534499,-1.5237354275430728,0.24902545543914953
-2.002468929608394,-0.3213929758111374,0.10487492879289353
-0.4487445103870491,0.06321764615909273,1.416577894370291
-0.09914775254561728,-0.3977967180457066,0.8305864502174293
0.4937241527635796,-0.15003828869714897,0.45588491631259703
-0.4551296114249658,-0.7379200618995229,-1.174662813643395
1.5220119374744565,-1.6128232663410464,-1.2802366046176048
0.04259870316803083,0.08851274377391805,-0.9350679806008302
1.2690414242577492,-0.6292342523569094,-0.18853982807661313
-0.2008263411308827,1.8305320015949336,-1.2818683330678193
0.20940753966158615,1.5490428817295654,-0.22713506908241143
-0.08058388904691521,0.6447007411313566,-0.06975606256209613
-0.18729394615194622,1.286229487360588,2.1756449703103033
-0.6511387580838068,-0.7266882358987841,0.9995404368038969
2.2541399586124147,-1.167018685919123,2.138887023846016
2.804770793382648,-1.137097584667556,1.6384265911082831
3.030782019819862,-0.9476765333212651,0.6156329354517798
0.9337100959612873,-1.4885949973534993,-0.3414610773401172
-0.7570852187816128,-0.7102140304175236,-0.9407037697287001
-0.14475669760005871,-1.9110026614123892,-0.13947165264989297
0.7611506128088953,-2.94923697327765,0.3043207435226256
1.60824429887774,-2.68425950533003,1.824732758599016
1.223141158804915,-2.047141608423424,0.856597301641802
1.1698974919241798,-0.9475654127993005,0.9670546432672702
-0.33572484711727635,-0.30442188236357226,-0.9301871752713451
-0.2790884849073385,-1.056118582646576,-1.200623530225439
1.0965489327567681,0.563250829270981,0.008826355794457452
-0.5440382982941949,-0.03478303505931141,1.217510877876412
-0.13030223550719272,2.3019380224520387,1.0020732783325779
0.12689799873643523,0.841852547023518,0.6345775439485708
-0.08902083701232587,1.1290349502003494,1.2739910887688695
-0.8304998790141124,-0.7667154784576033,-1.1992098287188617
0.09274138740548749,-1.4867243454026753,-2.752495507311914
0.43494929823370787,1.749637344731453,-1.3823186651958503
1.0559654235684959,0.9566480309132915,-0.7900489857890678
1.4470591947720166,0.18804947126799443,-0.12763217882263095
1.045227403582022,-0.5740657180090516,0.9282262601252074
0.3476539450956023,-1.0427780184973705,1.0006229736330072
-0.724641009243236,-0.493207851879557,0.49119249017230004
0.7235750612099601,0.22809430694017427,0.22056928634100612
1.179553829805267,1.5042547024874005,0.6680949495223653
0.6001295347460142,-0.5597088811064593,-0.73106618831419
-0.005159936981660562,-0.8893666427125129,-0.552504397142541
0.05406995640627688,0.08500943300047437,-0.3467509766303617
0.5135366220293404,0.10697913131035743,-2.148842054669052
-0.6825670828040842,-0.09059799006643676,-2.2841157701756334
0.2586451885941624,1.485451837310479,0.07670396660949996
-0.0841202766331268,2.2334520555051913,0.1870194405068617
-0.3791461094346031,0.5033233642116559,-0.20895996623469748
-0.5777498732585303,0.42207790448131566,0.05609399793251585
-0.2858289164758507,0.6479771219870076,1.2186932737525993
0.8066396772033984,-1.1609094074563997,-1.9445744980256552
1.337639749840973,-1.947333402143621,-1.197052650905511
-0.5012931511388731,-2.77564713865183,-0.0570635972479675
0.5085085847332103,-1.9643339700526345,-2.619574090768894
-0.2919901558858776,-0.5903629796237708,-2.7886986141585757
0.0373648418362168,-0.31049133898488096,-0.8150578074781994
0.13826278933226166,-1.128314610373996,0.7890425979253917
-0.08939817836083919,-0.5914618446969299,-0.5387466601105002
-0.4879813403719299,-1.1805336363753658,-0.44231938997867315
1.4677178099563788,-1.9621679611190392,-1.8347210928660778
2.205029232471798,-1.1904076577113858,-1.5864332850929554
2.1424193036319754,-1.200819368592557,1.0327930710004585
1.7491355231552568,-1.0883210924419813,2.673704748765733
0.26885283857429,0.19793482578831634,1.6361449547893583
1.436167708685943,1.660478609621011,0.8500766264604458
-0.035334016003211954,1.2902114477496218,-0.2526770565218832
1.995720239525017,0.7816410549575483,-0.4916600795730503
1.182540425627417,-0.9563057620509223,-1.2174440782971767
1.7916841207581338,-1.1350471599968568,-1.655633021830528
1.432494812906353,0.6181805746645685,-0.10886320025019725
1.712295092258993,-0.4477048012371765,-1.4762422668669424
2.357481198084983,-0.5465322394607239,-0.9889541498885186
2.506934740891549,0.28296388967029795,-0.038589302862651664
3.4184697153468586,-0.502036285544994,0.9085454766499114
1.766247982570514,0.01757413609076036,1.9827411647374873
1.3909597475748807,0.5470831470950132,2.063877919678546
0.33052714424455504,-0.5656680937914997,-0.012870234181760587
-1.8010930172537243,1.7733730830445724,-1.1096434828125634
-1.121800132212634,0.6098732416333655,-0.24741504359718103
0.2548371464329795,1.1654101091764282,-0.7067849603675289
-0.03970314056992175,0.8652850050765137,-0.6020836063673115
1.5874940057350317,0.9236174541765082,0.4338359828661617
1.4566282715349286,1.635282584573579,0.39793955013678783
-0.5685178121883823,1.2173292440394312,-0.4523871187234351
-0.812875587843948,1.195028640774809,1.0120895120719182
-0.3851662171859123,0.9063473329863683,2.208259700671197
0.048170070895612094,3.054856780673579,1.6696394959671426
-1.7366777237080115,2.280770011441322,1.215978132866349
0.42141389222874004,1.8135663569906195,0.46953308244940073
-1.0135912901749957,0.6977599212092845,-0.6157539129845995
-1.0873190948922207,0.9374583650252519,1.3620275478591064
-0.14898801762312924,-0.7271538795225584,1.125616442149694
1.1221374778340865,-0.9733598440806615,0.4287910544019293
0.5757569336462404,-1.2715782351225706,0.8626759610448237
0.1669303182153386,-0.21625667365425755,-0.45615419727968826
-0.3539931412157411,0.6142530210006426,-0.6009102507316111
1.5499672806255345,-0.09250967511428104,-0.07577039961391963
1.7075744721858572,-1.4646205704901722,-1.7986940117877357
-0.6718690784771661,0.530273818182096,-1.4512051517863145
2.222264746429669,-0.2991106895663406,-0.5410512726961203
2.6532423257827102,1.8565375433759526,1.7909779402883377
2.5349873934844975,1.9523312974994387,1.488015919345352
2.0458547729088865,0.4249799324211859,-0.07419092374963121
1.0195529290434913,0.04230534368566452,-0.4903235112020908
1.206163911978461,0.976457880413343,-0.15675486930919805
2.0806120370444923,-0.6534601739268335,-0.2720368939343171
0.3234836979194412,-2.1932667040364766,-0.2186991328098578
0.03999434057643707,0.4168163912238927,0.5214621181498487
-1.0041896540409865,2.0625007619461346,1.4817647546002772
0.08000287644812254,0.8047662821232354,-0.2185568594233409
-0.33220533784699163,1.4911317607658034,1.7753078762229382
1.377140859348693,0.2567164585966276,-0.2319634951775421
0.8294566765855504,-1.6400811362645378,0.2071859665960104
0.26712575199410654,-1.286077070000511,-1.4911100839687903
0.6471629825667699,-1.175739374662167,-1.9154718776946833
-2.5486807219982643,-0.6153845923817197,0.8145156578224024
0.3869188535487378,-0.7647885527771316,-0.19495423145057933
0.6622336828493927,-1.3807797155768573,0.2043147840941763
1.0971971198093866,0.5365433660958789,0.002003315567135372
0.34492480972772743,-0.6097109037086216,-0.8258786962562924
-0.05401648703766304,0.06251005496186729,0.5006452781051032
-0.8301871941991763,1.5239435964404553,-0.020800961990017186
-0.4364608914480243,0.014760119072404265,-2.43464074126795
0.6658149506370376,0.7442239566286355,-1.4986479277521885
0.3998981925433907,0.8880511960184172,-2.311869820762637
-0.32910358107459947,1.2382902776310356,-2.410224333550568
0.12900614162932955,-0.7374366658078872,-0.7386821843417577
0.028861588517181208,-1.983850148809453,0.7953982622862925
-0.7201607825394584,-1.8021775114191074,0.598268328374089
0.788556958158986,-1.9169105746879507,0.3608140140350162
0.8230949794100659,-0.26534968008083126,0.3568485622947333
0.04451965062171065,-0.9602650606891353,0.2645681641937414
-1.0498791866747517,-3.401483013839175,0.5688438862545385
0.37899524774881943,-4.063673942461426,-0.7253087615826683
0.8086518848796075,0.02565849848098578,-0.3418606731159263
-0.3236769987893305,-0.17006719186434727,1.2039460825902217
-0.8078026785192005,-0.8842256025824272,0.11922951911307844
-1.3572299475183125,-0.31944248529641806,1.6842932180260999
-0.3555357006431272,-0.4120747447744966,0.5503353400975058
-1.7409586590182207,0.6770724047599107,0.1973304730359509
-1.050959243099736,3.5316437702248162,0.3974181448836617
-1.2772706716450524,1.3394642889068649,1.3471547816385856
-0.5253649252847618,-0.7685458338639343,1.5928063253944962
-0.9308265481813749,1.4890248592855784,1.8764512284118966
-0.9127351697494386,2.025528791377902,1.0060811247333517
0.3964060902475004,1.4974972129834256,-0.3433160926241977
-0.4453467871937117,1.778709424072874,-0.5064333784186397
-0.6263218568388526,-0.06576786731291595,0.17038237638414122
1.7493639908237186,-1.1004168479107308,0.10941064486482868
2.2869025508272887,-0.6298498152010806,0.5070771186821486
0.08105774726676462,0.11338218960710827,0.0663942943365255
1.0262588693132453,1.2440771463683051,2.6227607891868763
1.0927626078701982,0.947834889766319,1.5057646961707742
0.19321501112441075,0.8124012883448506,0.4574809379463577
0.26506848183181964,1.723798179780385,-0.7778020963064622
1.2724128020449552,2.179014157230058,-0.5069695751443098
-1.485648497986117,0.48168509152059646,1.0435097589889544
-0.7656923112919407,-0.7584596865346125,0.016979958266259754
0.4577738708585827,0.16750372493407306,-0.23044212003656464
-0.1379374763853965,-0.30800628657678536,-1.0376312445167848
1.5464069512767435,-0.47632361249973254,0.6983428985671041
2.2945195275608232,0.7601490918980941,-0.08244886343449637
1.550989854117021,0.3558789395581309,-0.9449262924473764
1.0998542087801135,-1.001100321380737,0.7152162422378756
0.08530980709166369,-0.2993905048175292,0.6408959926650799
-0.2162500701582455,0.43699854906651014,-0.15445566028998448
0.7631722623781214,-1.1274804057134935,0.04915174940141959
2.3205151302473457,-1.5640715274623216,-0.6531690958241417
1.6741654147825877,-0.6024539817915628,0.024045551361488338
1.3262698375389574,0.3334944776659885,1.1217226176369675
1.0729535756979913,-0.0745104157855482,1.2334350100212148
2.4363587227442105,-0.16988895427534767,-0.35781179966003407
2.325260030659078,-0.20532564109127208,-2.351575445844053
2.0100516924799607,-0.6379910064995588,-1.2663210052261873
1.3370061768089951,-0.12849582347071278,0.07629131452594584
0.23301671783465422,0.44885788644072633,-0.22140102032094428
0.8553188398048301,0.8397964272334166,-1.0461392122050674
1.5136415360774471,-0.11606523149733972,0.2849881921786114
1.1241080814400641,1.7801510610464524,-0.08097188628254645
0.21273724460183457,0.8706559246354936,-0.3436657259755483
0.9063105242429673,-1.180982646118841,-1.2255152821341284
-0.6146476594577095,0.3598162689141552,1.0978557315148612
-0.4117730482663262,0.01108641126706697,0.618980028870612
0.9559917784750271,-0.9218099285570406,0.5478589971700911
1.4531935190199432,0.04018920566132472,0.46351111518378896
1.7276428520771128,-2.6831376901685746,0.9096308771228021
0.20974574291113257,-3.1722017419407442,0.9660180380863818
1.478531416618524,-1.723549385598064,1.4358835662461293
2.3515439662979074,0.4531397607850154,2.3579063124944577
1.917899474220846,0.3020035192941005,-0.4230126556499396
0.7128872489804745,-0.6922448356691411,1.959436389672844
0.18055781205790064,-0.22291761105008484,1.5312035708768896
0.13388135240140403,1.5835922349057105,0.14295242370399286
0.26154813143794475,0.04932553175480703,-1.2485462993687093
-0.48099502518631304,-0.012374031171008507,-1.0535753742016145
-0.9329184924670125,-1.412504479257338,-0.609893259729502
-1.9711796202645084,0.05380372406093359,-0.22250687693024773
-2.443141309597185,-0.28230721501939665,-0.863409844055707
-0.9023961443794121,1.1992968385134462,-2.306877391673598
-0.33617199304228884,0.43951562369008274,-0.4820986193863337
0.045110631716544725,-0.5322115198937777,-0.560103245359785
-0.7734705409452167,0.8099013786517095,-0.25873997400795024
1.514455415280399,0.34428987551123397,-0.8377767539144378
-0.7564866849726276,-1.630994738500328,-2.0030243199627087
-0.11111669147483039,-0.3067723460202302,-2.5827028620134875
0.8394799683387002,-0.6364472246935546,-1.1445584190211944
2.0319606124247747,0.5786157035187546,-0.8408098574164296
0.12478808079709991,-1.8625075495699277,-1.1395582479506348
-0.14873619842914443,-1.9184333019361475,-0.7010360910676221
0.002483783744196,-1.1840726327761524,-1.0005206263572708
0.16989656383882568,-0.15009566681866715,-1.5906593906214814
1.4958806616656828,-0.1736359656935953,-0.776480072365893
1.4561547540893987,0.14639814841670412,0.5648965977302987
1.0152015422465235,-0.5392383004320859,0.643951824071251
-0.6361254361974,-0.1610594444395198,0.2887459213911647
-0.5261795753712397,-0.20906723365869065,-1.7374760848020567
-0.8118146954265814,-0.011688715688230614,-0.7088816504036279
-1.4335824886392488,1.259863483020585,-1.2206156734163147
0.2526659562071124,1.0571261033819774,-1.2565351465519603
1.9016438707130678,-0.6650737800654913,0.29088660033402136
1.9514042533995122,-1.0031570991093905,1.5379086002313396
0.7256556121008033,-0.21288492027483824,1.0292761388868905
0.22851906457985385,0.704365813022363,1.3081267899956583
-1.6342724409482539,1.656523149389334,-1.0084285930378452
0.2154099838675304,1.9549667115222502,-1.595180726734121
-0.3031092960208196,-0.12822131272481063,-1.012511393655796
-0.45958893219615105,0.7155498759069345,0.8040530492917108
1.1658893446918808,-0.20439308862483485,0.19280465090132765
-1.1004935198750097,-0.9080666108086061,1.0612539585481213
1.0653360636107267,-1.6883821772842251,-0.061837279878833584
0.5062622748464364,-0.5640299298225062,-0.8405221598610629
0.6771921818873079,-0.7558543119821692,-0.4347133508088106
0.8848803389473535,-0.3715048861801468,-0.6537425659309739
0.33283036554784595,-0.2741154022954088,-0.6968823128476149
-0.09238087989317939,1.4615894693570126,0.21247829151743125
-0.3416707579757501,1.4277491391892418,-0.22758034399729432
1.0022892585987662,1.0835167617927148,-0.221092316002876
0.9488615551096604,-1.029117771172142,-1.2373136269112432
-0.7194942288442252,-0.37161579082236423,1.1138581860294703
1.8715530317705196,0.452243206029575,1.0577735679591922
-0.8652812182674792,-0.31655219671923424,-0.2588969679286428
-1.0534882073848557,-0.32641991694440664,-0.6015390616614487
-2.506043914068216,0.5847002976453305,-1.3735125565705308
-1.0137750929229583,2.3664328185726387,-1.6061408698716888
-3.0371750692078088,0.8972121874062085,0.2978892000627267
0.4397599196166895,-0.7809435007493126,0.645643823267885
-0.2454304969717086,-0.49642010467879194,2.967165258650977
-1.6256855768810075,0.005529609155177473,1.9512758010909217
0.2729435364988434,0.10074795804848417,1.283688440049563
-0.25517679917236913,0.3195009202693494,0.298651944527371
0.49398349026986627,-0.20985987590895927,0.5264263661658719
0.21772893144995478,1.0211203128176884,0.21181945949444972
-1.664168002481904,1.772481657122836,-0.799822571115394
-1.485850339889772,0.29057953451792584,0.9745268076131204
-2.878599383923582,3.2830383009189577,1.543320212872612
-1.2160607778326313,1.5866251498431925,1.057214181293963
-0.08690796053697714,1.4385281608716536,1.08421155665043
0.04612670098676025,0.5219256601285007,0.39083249467170333
-0.1718449298593009,1.394732926931315,0.7889729696167136
-3.0263110995939306,1.3532672399954184,0.5892226795271316
-1.5318643062428627,0.2881151669088234,1.4187240597495792
0.18159430900142648,-0.6288200843691975,1.1164143169993248
-0.8808595800405726,-1.694028206973529,-0.06851006609030275
0.42196368236247245,0.10611094188932213,0.4788303870521416
0.9360776280292333,0.5692337580596194,-0.40206640169688146
0.8999613586885573,1.0850264042574922,0.5532581289651337
1.6388940508189216,1.2508170493298099,0.6280772720241498
1.8895972637258882,0.5988872654158448,-0.5678360152156432
0.7817316679191803,-0.4454590120985267,-0.9590962825822031
0.2463471632440723,-1.0151494270492245,-0.7875096709301419
-1.7704410853317496,-0.2942810061516737,-0.3925493601028467
-1.7023091737340654,0.5121051653565682,0.741295457575135
-2.458714451236007,-0.5066721958879301,-0.3984946209997306
-2.169260326726868,0.5761387439877834,-0.39307344927266885
-1.3491450046740447,-1.7157929924128617,0.43888130557289196
-1.913830897190495,-0.7979638659401025,0.49681759074463805
0.40374314724340354,-1.7078023320891633,-2.7711033604485062
0.38572111837539663,0.946610015466272,-0.1466053272848158
0.4025199744623241,-0.018331177898911366,0.7338199329949024
-0.7722862124733065,0.4671921804067634,0.872380125664078
0.6740668012622265,2.9932561291144593,0.828606030010806
-0.1719302250763855,1.4710537523652352,-1.3547728898837152
-0.7806782436272509,0.3262444380695136,-1.2014748428764501
-0.23798424977990346,-0.6592977133474438,0.5202932458862464
-0.11878505997175437,-0.33894917781234823,-0.06774809356979467
0.09579815387310195,0.6556236757614604,-0.9010042624957976
-0.6102174121387057,0.024085809104065548,-1.7963730547211136
-1.1243665657908506,-0.4641779689926261,-0.02379734664782962
-0.2996219538935,-0.03849907312876846,0.8389992888440574
-0.2871827653461466,0.37121531336450536,0.31627789148953245
0.12177096672655513,-0.3971510009293294,-2.280678212531663
-0.07339367882302658,1.2241726356352753,-0.2141237040242393
0.9287006451796574,1.8482170396238555,-0.018404261050682005
0.6616660299954248,0.3064566243775776,-0.3252749865523908
0.9466041647688539,1.357112749357605,-0.3020837689571949
0.023112817533015362,0.6790843335353998,0.4501648644505176
-1.4322984073670342,-1.9566387863695383,-0.32545441726632474
-1.9368616295976757,-1.4864595908320801,-0.3105075274506339
-1.4216792238218512,0.7092377390547053,0.17149100087700309
-0.41036525230009724,0.9768260135707546,-1.0530876173422676
0.83392916127022,0.4126487202499174,0.14393680857007873
-0.6548926524050455,-1.3474344058911056,0.8898580623100679
0.04896319989499387,-1.5757687573030632,-0.4247340501196604
1.1499163843622664,-1.9772962715188593,1.4303059281961332
-0.32566254246673554,-0.3502562101510467,0.386534488349082
0.4403561598489753,-0.7192421071897159,0.030474338102246784
0.2610972553202088,-1.3618085093763308,0.756061514471249
-0.3826649388114807,-0.909504170028184,-0.6163186173728877
-2.753666128201051,-0.645779847614261,2.104456112926472
-0.5922287762025017,-0.34215030354152515,0.7893372272549684
-0.2736484952892045,0.37604396340444735,-0.7861442016813607
0.9774974470242699,0.9034032971434678,0.32511362486725415
0.9272244623218622,0.4713183062657238,0.8354180484004468
1.055426364902309,-0.1183815578081619,-0.15589274869667757
0.6295694777131412,1.4898293725911065,-1.3170534500022397
-1.1527405268958695,0.90967552753207,-0.6076390231451018
-0.40302859907752653,0.6987909616745352,-0.527021766207356
1.2883491390633188,-1.2515084976392479,-1.092007907883924
0.5409198093826121,-2.268943059973791,-0.7218583583740331
1.931930070419324,-1.1135850416909336,-0.13022827346833307
-0.2941997299629182,-1.1731539288849442,-0.44031051705810353
-0.46481496173769316,0.6950668305612966,0.33753580219607277
-1.3438654378058785,0.5940381937126532,0.6669896495948215
0.4682163196183272,1.8775597834247002,-0.6815993670304579
-0.5767493514011746,-0.31879796720226616,-0.5748195426222101
0.17798369874574693,0.8279355329879687,-0.36336079495362783
-0.23085567388197048,0.5657257587427247,-1.0168232991068369
1.974110884753788,-1.3247981477466964,-0.32367107065769396
3.0106616616065334,-0.6555992293133505,-0.3518745703303414
1.1478854079928396,-0.5081912964190831,1.1969111895113596
-1.637919207333087,1.279338053086784,-0.8255015576944653
-1.0856119329009584,0.21042460624473014,0.1758024909234871
-2.1409303183342265,0.5673849692043079,2.112210868748596
-2.4336391637599237,0.4733986522125496,0.3941232565776889
-0.7909323756869261,0.2558471035220269,-0.44442528075546517
0.09240609702761093,1.9322716615477566,-0.41311643210503124
0.7659609906619873,-0.3271371270972854,-1.1629945928705243
0.855386773211371,1.3205474649873223,-0.22588394764960218
0.11463535608253117,0.6595651379170152,-1.3633497077945185
0.6618330043966323,1.2121156312819168,-1.1337651867303395
-0.13912564556118534,0.871936045293007,-1.0036023294057652
-0.13569543740641513,2.535689811813019,-0.7488268654488792
-0.4261878707244299,0.6203031002713502,0.36977853877549716
-0.3943181085803179,-0.33922148818575093,1.5061933016607607
1.2224439502234783,-0.7700343098315806,-1.113443300530236
1.6187356649486613,-1.0696469806757942,0.23390394889765065
-1.1607359852375052,0.3577738479614122,-1.094219954831956
0.1503961264477719,0.19315999181714022,-1.5010493968126228
-0.33183824970289455,0.7828984528652709,-0.6446302452910772
0.4184938556210371,2.367889810948121,-1.8865567343565899
1.8264595027791424,1.2883008429972733,-1.8420624155014231
-0.4170838743494186,0.4550300307216032,0.0006189041737477696
-0.33609105755224356,1.7386699456081491,-1.450866237964685
-0.18013447662217633,-0.3830584716090445,-0.36180123635737466
0.7968201517862121,-0.6122910294855755,-2.7851144748058214
0.5973582226896006,0.13059303699072156,-0.9882624824412133
1.5344613031669545,-1.0057571611536882,0.18608486422984277
1.9597381640614522,-2.281466164583361,0.4126942580338986
0.4756892510230546,-1.2222557553933264,0.5540236125552856
-0.249383938602025,-1.286835956858275,0.31116422376566744
-1.2119379081638149,-1.729243107314323,0.8349553948393371
-1.7547629892405636,-0.19830905274794963,0.8800689902736197
-2.6031882234108785,-0.7767191787096299,1.6341438981841823
-2.2827596428451207,-0.8527638516642027,1.2791328423439876
-0.3579893121399649,-0.677920811876597,0.04205622648035223
1.2433752056285252,1.3999392578592804,0.9998861640219716
0.7070057453792866,-0.10829609271128615,-0.33050132454557946
0.8760169779554008,0.36425017453304065,1.2363479306736398
1.0884585815138397,-1.320955214493298,1.6701215830597385
-0.4538313365574931,-1.0444488791990005,1.0852609977815637
1.7687518215052178,2.5876941164058604,1.1493535580269647
0.7011792920322211,1.8283527066834804,1.4623322048873184
0.02992202045891884,2.709387709254062,0.9612368616350613
0.5127040993208537,2.0206181066814923,0.9022050414319863
1.0952925501300392,0.39305586679382276,-0.10719923323003738
-0.5525079579066753,0.6360291640171378,0.7253368868970954
0.18151888719854814,1.9925070153561062,0.35707242461950117
0.7595010991917868,-0.09544736846126123,-0.20856349016465042
1.0752883071616708,0.8013784265125135,-0.3982486927465074
0.4660449017227686,-1.1171845334245527,-0.5561535471798631
1.1234056143811704,0.016612749394289916,0.22258894779127814
0.6114764943715453,0.01536953332532141,-0.549026665577808
1.0045666673883074,0.4286577110520505,0.21750551520389527
-0.023751508973426705,-1.9390140643452192,1.2059054693556432
-0.4907132104951175,-1.8322827962157302,1.2964316465918153
-0.6373692451666884,0.14379498593875673,1.2652217728726052
0.3648847006171334,-1.294058218231156,1.844554871822703
0.44369288154242276,-1.016306248361781,1.0656659032536027
-1.5543887921271087,-0.0995003127002197,-0.49653855655527024
-2.1298646819070886,-1.572109342568001,0.8644190967122901
-1.694195734646333,0.7476730386324987,-0.10359191469615275
-2.554455824916113,-0.7426879206324097,1.1840156626588623
-1.433126090394724,-0.9196312568068058,0.7520260571822188
-0.21478030902981704,0.6575831874990576,1.8245122584840354
-0.4671588003039943,-0.9972560923325097,0.4987909681187417
0.026701106430888993,-1.4623869723768657,-0.707755430835672
0.3571384347653299,-0.7798458377588839,-0.32108072000624954
-0.5799261173174045,-0.6203236330852093,-1.0847735042714293
0.6002353524660846,0.7250875181811479,-2.3885746143738085
-0.6293931839593677,-1.133985495999505,-1.8443112415938026
-0.3981345617700447,-2.0166379676982826,-1.8440154339222143
-1.2030246529665205,-0.8010516544501973,-0.8526633799248567
-1.3232498798205135,-0.22370495508570068,-0.9730117745496938
-0.93328005023631,1.5615996127556866,0.853955164515501
-1.7662212620457527,1.610532224257018,1.2383741367493426
-2.0313739197754948,1.6240437558833696,2.157118986787224
-2.1382317661321615,-0.10548094307257883,2.0962209602371145
-0.7976205722404328,0.49873580370323384,1.388699696519054
-0.00811436519207226,-1.0771042264594661,1.7416675548809752
1.1655328098317375,-0.7679428572977608,0.8273568276266252
-0.9483410976398539,0.1302833273689546,0.9857358555274567
-0.5363615658192379,1.18949502355498,0.15879069678378782
0.2964251429839813,-0.4249168269146256,0.05584319751765579
-0.02614168641084519,0.0128495085836286,-0.3416053300745304
-0.1445434388770904,0.8324719257333206,-0.6075669022754826
-1.6788488201772245,2.1658198670720807,1.0776706275527452
-2.131687105194231,1.7726177387812347,0.03586054322502952
-0.8023563372660559,1.180532998404111,-0.21647752870380724
-1.1849438342194245,-0.10027455311420386,-1.0244306798331462
-1.424294125340157,-0.11731556660645719,-1.2279753290273248
-0.030094996957458653,1.4285883720326986,-1.1940409058837054
0.22435700205664774,1.2139792963192833,-0.1250181820225782
0.18813376894441125,1.3496720665193638,0.4197398616693681
-1.1435955378550922,1.543992097648955,1.0971607681014262
-1.3350838731061276,0.8099338842720795,1.2319093768617826
-0.8768557561324254,1.4779449899020516,2.979827183050252
-1.224413910701195,-0.6420721082027491,1.7937321871300018
0.10935554977554596,-0.5519024279461435,2.3501267568860356
-1.2839280248354759,0.41696740905853935,0.5692025576841244
1.0774138937895588,2.200999057697388,-0.4820553089412857
-0.010850189013800748,1.960087415828496,-0.6281583042601575
-0.050836312439138595,1.005432128456658,-2.233752308327735
-0.03925590231380655,-0.18701170983584503,-1.6099989765636393
1.4240040523119109,-1.350012749197179,0.008205698466157596
0.4330390958241469,-0.9547665430944239,0.7944747452847901
0.5565708424809639,0.09322972567231902,1.3654220331752562
-0.053022961942840785,-0.5656218716715908,-0.40243950997017
-0.8519220109503756,2.6662834894729297,1.0434598257517018
-1.7770353716832092,0.010683787992894711,1.0035959745943424
-0.34125288846363777,0.5542257293138118,0.24684219374347333
-0.2960807042347191,0.6049923888162633,0.20931410316506707
-2.3673407248648948,0.07269656383293782,-0.74674938267778
-1.0084589435239353,3.021607284519879,-0.0058930258645856215
-0.8177591579343655,2.4326051442371917,0.4797413742769199
0.01121491148465853,1.8231531653342667,2.2964142519680015
-1.1252809795835865,1.3852086594785877,0.22182599600246233
-0.007127843449544979,-0.2260821817468005,-0.3064538156038532
-0.2986538359626788,0.8627756284713088,0.7652275361404872
-1.395044294427724,0.48632192523550316,-0.326966086678929
-1.9560270578891965,0.026143912193381164,-0.47196583179528423
1.4487029574009243,0.44603178145738676,-1.6136004166518794
0.15957747452951987,1.2443991861580919,1.2816425645439855
-1.5061945749731984,-1.257724792059999,2.511786457643775
-0.36348311011569534,-1.497155127906366,1.7905223149443228
-2.8174892940747256,-0.745202057356022,1.2230823303152465
-0.48447450749953314,-1.3864969809705487,0.6972283265609823
-1.1676618798093539,-0.4378647348109573,-0.5467321590825329
-0.9919317790648976,-1.2147477621957077,0.3777701622823906
0.3624852271242165,-0.8419944510552676,0.22712307610122362
-1.267348801071436,-0.7206738735344209,0.06335692100886703
1.987118690494257,-1.472303962541374,1.495855699256871
1.9904181187129364,-0.45551557678055066,2.506548333823569
1.367314531963331,0.1614014072776534,1.200153513894239
1.907226148400293,1.1771699374497104,-0.025600530549092948
-0.36563412039862087,0.38560433132919814,-0.8128388296721929
-0.24634163481466553,1.4302403003487383,-0.8637210699228864
-0.16599419871890764,0.7731428849827644,0.4165703472438414
-2.329886433344059,-0.2201288522739142,0.4195688659013933
0.03513573975483175,-0.6019668736431623,-1.6667682730911775
0.6372793158435521,-0.9363458256472105,-2.02305079563595
-0.305705731791448,-0.6526982704794548,-1.6162700623561879
-2.358418922994793,0.5707170616474048,0.46674001010062827
-0.5276874701578907,-0.8523271396011143,0.03187847110279615
-0.2703650503084034,0.17263081976135308,0.6842797242694789
-0.8693563239326975,0.16831096629423697,0.7994202667499806
1.0211441601804179,0.7886620229718415,1.188766820750509
0.5943987080195698,1.8047901566894247,1.004146206334752
-0.5638885561637855,2.305765048469903,1.1999763757064037
-0.7249882992103751,0.673389556835708,0.8965637329939635
0.10069064566239688,0.5339870440490606,0.7595905399398669
1.750302697407579,1.338536674259416,0.5704308612349578
1.816461929471273,-0.3632555663978315,0.6831424805642878
2.7175373144687467,-0.3996736785912896,-0.5060626883369409
0.7066797686413127,-1.2894698766380333,-1.037793252296174
-0.01716821426937265,-2.0503019574976586,-0.503278292198484
0.8936930666519609,-1.9329071588957496,1.2676447775425268
0.9576386218535752,0.0641270061761825,-0.02401216508087367
1.3333445379934032,-1.0598703973072219,0.8782414182960718
0.8385116087902329,0.023316021331173054,-0.7364738964768157
-0.47581403788148824,0.6088862289189714,-1.3165849524626085
0.22529927315837894,-1.06269469200076,0.18988173643536388
-1.1198736781893195,0.02095259167914343,0.7205718018636831
-1.2567086575242348,0.5925028629242985,0.6207281642653975
-1.1671961849548556,-0.7123032526140588,-1.6522616095398803
-0.2339480451777341,-1.9209543976690846,-0.7307866053286319
-0.38042223867111613,-0.28133442339634684,-0.6674388021541802
-0.5196589056826493,0.591203492590122,0.0013386280070274426
0.05632650434145364,0.7648693361035872,-1.5349028092035921
0.7849519321577088,0.9949034620653959,-1.7841345331782934
0.14839549240465308,0.45814444340506677,-1.0265640509908793
0.4080577127708612,1.6604390035337169,0.568484702177389
-1.1081903370459756,1.4522894920729073,1.613175670624104
-0.16728664783378516,1.8171251712224206,2.818858281012817
0.9400662221900888,1.1578711812529392,2.454517614591162
0.6149209441919357,0.6028386339114251,0.8758445715818484
1.8708738309280761,-0.5170093489862888,1.9702900104690402
1.4353010392044094,-1.6578108492950858,1.3527942982259415
-1.3823759880494193,-0.20339740781650717,1.5616286321019617
-1.2835439496767633,0.02184899204732875,2.734971749801267
-1.1475186791003185,-1.0479830910329362,2.8491492773632325
1.3888278509806355,-0.5202958736686207,2.4360376740899725
2.035889841021199,-1.0026321693726943,0.732713001677118
2.2488194336653344,1.1836981940221623,0.9292373610129138
0.24459536333061294,2.5789102087105222,-0.06635221730550761
-0.2128400995061453,1.6317929388448826,1.5209843120620203
0.7475559267991511,1.230761969784352,1.2237806861491165
0.4172926320430416,1.1735204994106823,-1.9176697346197447
-0.08796114304827754,0.8280821846221221,-2.109848950929379
0.34234274628742123,0.20956987132493954,0.7005512228508006
1.7441910983585673,-0.3610206334556931,0.199437899858705
0.7981479835708911,-0.6321697928874692,0.2947439339574792
-0.35920807710214464,-1.446700231381261,0.7700831908790082
0.4499255456707385,-1.527665875350623,1.2803970262021038
-0.40661495632996214,-0.5106676996373303,1.460542525713508
-0.23692004286869411,0.19940706232246952,0.2138416189691823
-0.3149266048624442,-0.1061558997191056,-0.6396575370556478
-0.3342374655470042,-1.6016962487232995,-0.8109825156699286
-0.4519942261431729,-1.0570278768570303,-0.6469887037057434
-0.28776131293171536,-0.04907242034245124,0.5510227222796509
-0.7936458833141248,-1.22773706556037,-0.7665330511032775
-0.8840258628519895,-0.9657898505966942,-1.1532625917490962
-1.7381295956758893,-0.9390157527725354,-0.3952046757605767
-0.27403533200237995,-1.026930929494589,-0.6106001600237224
-1.0637159748485008,-0.5449046351220709,-1.1537287142026758
0.04126982581694971,-2.058318809495147,-0.9364940295538
0.32174225210021673,-0.845324888425069,2.2247866492035966
0.5106711506180157,-1.4267170410545442,1.0169290775127253
-1.5209107581574441,-0.793958269824033,-0.324591518244396
0.15493489648143965,-0.9465194095075513,-0.27906167491744466
-0.5580903931636836,1.2655916470995556,-0.460773603576634
1.55351184689736,1.4469475856680445,0.25167992554706914
1.1454890707661998,1.1172710910502737,-1.8018326165720755
0.29386114123234336,1.4037935167094584,-0.9498134917601433
-1.2582592761874034,0.6494923077772597,1.2291987703754197
0.6177620774410177,0.26274214452259814,1.5660486622457963
-0.057625981647542956,-1.5725005145654198,-0.14144165700665623
1.5340757776844263,-1.060243339112014,-0.31410480787834616
0.46719969256733257,1.3740149200169998,1.4689065114228903
2.4523800797318,0.5279622496084486,1.0300777444585403
-0.2904525095548911,1.7409155509224987,-0.6527406790386648
0.07154930898518355,-0.22684475217159472,-0.9152371662580285
-0.8014877765571086,-0.7212976367616153,-0.9967412862779929
-0.9490126832036314,0.4726850933994995,-1.6032334362015166
-0.25396491458794884,1.4543016990053081,-1.3148130826141542
-0.8449013480415762,0.4966262243224032,0.5223186670536331
-0.22834304306743042,-0.2829011824463968,0.7450359847148562
-1.2164636713701384,0.5399089192197496,0.7811253000591956
-0.9160403068239532,-0.5686313388373563,-0.4961182722538596
0.07679718293393362,0.9446648330703837,-0.8853668831557249
0.49678529501845126,-1.6146946020668769,-1.027301172235062
0.21733371463832368,-1.717030718015272,-1.4501569609071268
-0.5591126991497242,-0.5663226306812628,-0.9124074988599381
-2.5177875828998344,-2.4038614679756973,-1.0630689272871443
-0.8012072053963653,-3.9494355767130833,-1.0312646397952028
-0.9268514592156037,-0.5863800101480938,-0.900654131610465
-0.08043674486687341,-0.15193286498658368,-2.580893545612433
0.7279888441983006,0.1394300729629961,-0.782178133131627
4.290232128535477,-2.01439790301709,1.333607583195295
1.8576685448673829,-0.7198700471055358,0.6212915462964053
0.5045979390356479,-0.9297679517915265,0.6401545087212117
-1.2648747271538552,0.2856951916260023,-0.09611715052464809
-1.7625067026172854,-0.30716526218281254,1.2090906416002487
-1.4165884383248661,0.20487098711821414,-0.12641095491534893
0.04962763076118648,0.7879432323493112,1.785403355838737
-0.15075013011862226,1.0626264209325622,0.990769217458313
1.2204967168037033,-0.18751917714244926,1.2403899216064376
0.41555106228516997,-0.15794776567972238,0.7119474452515917
0.46001592756926235,-0.19520292596181915,0.5706869057963218
1.8081260213468155,0.8878482226343088,1.1544980453950573
0.44852348464953706,-0.4453167169111701,1.5325495809352816
1.1003085348545627,1.250012317295397,0.16229416449841128
0.3206056120669343,-1.0144780038777357,-0.3113240238116673
1.1568733166129144,-0.9737343811670658,0.48481778329499015
0.38793355230864585,-0.16281016236197227,-0.9052824981681722
0.279176225788224,-3.0725410520817094,-0.6395374072460709
-1.4908851308210282,-0.3302760094940387,0.4576386491414758
-0.27877158344443315,1.3558682224123606,-0.7200971962540994
1.6079774061933416,1.610125675466565,-0.5966038853459957
1.939608850279615,-0.30123067467835174,-1.1228161042006715
0.36121470190010707,-0.6795930454031911,-1.6179656948605885
1.4036904180453784,-0.5986509230714272,-0.4564778790734147
0.13149384260900865,-2.1199287620842306,0.04181841885471474
-1.8465080541152725,-1.128598427127584,-1.3474058294054532
1.0640219721731716,0.3470635086109297,-0.5679491234312462
1.7957176637412544,-0.672784223160271,0.2595048169544699
1.0976692655893407,-0.07237203024646549,1.4021059085840029
1.2813267355744726,0.25253764770179055,-0.9538344819362947
-0.3193829274922274,0.0035598902551711303,-0.3835448666914961
-1.2898951884200376,2.4134566207060066,1.324621621907825
-0.04282927381753521,1.2787651716367483,0.45010184105276035
-0.9733330969310032,0.7168631043372367,0.4828034606691308
-1.7284271239471258,0.6926079694135158,0.08614268150981666
-2.7720211198509537,-0.514081026072744,-0.3705341926667359
0.5016770974147131,0.29951261149738606,-1.520748665433259
0.7368748381249935,-1.3975476831896725,0.32231672117044385
-0.10268723275538183,-0.7924100303340071,1.4869550081274125
-1.3385071849619408,-1.7933232002799948,0.1598781777177014
0.3691252585383462,-2.4160076756168403,-2.752216509251719
-0.26659622913982567,-0.6562630378974997,-0.17584650488703013
-0.5964594766553118,-0.7395581260647524,1.0659774818122325
-2.1679714380230766,-0.7582998382153854,0.723412630831174
-0.634766997726504,-0.8889566122985753,0.39614732712142836
-2.8057108522762415,-1.102726718483136,0.6515823761151815
-2.3851494603928005,-0.49237913765197067,0.7726636888602885
-1.5351239310541653,-0.07572579782941444,-0.576400720854468
-0.9741732452231293,0.5723532706745154,-0.1312273994587998
-1.0736178921755002,0.5103930396280507,0.6489960909072181
-2.586750224665228,1.414270584769923,-0.011756693227462922
-0.8678851790923838,1.9043822160301893,-1.3775520438441975
-1.1433835919737385,0.6636424121393898,-1.472529543046527
1.1632447798499392,-0.5249508877570979,-1.29181155101013
0.7860114215279463,-1.4646249699546376,-1.0415864872613287
0.7104589720141481,-1.0651728893598298,-0.6141801025306127
-0.17410262644129704,-2.047056753860682,0.014503160073932209
1.667881758426593,-1.005126746146903,0.23251569728451568
1.526663634330156,-1.7718938696201505,1.8187725067718634
0.96566061358788,0.7459099642790337,0.17635325786194234
2.300892229351765,1.1481104761742997,0.6412167147833296
1.3844705690290304,0.3255266200127005,1.5211400158655373
0.8325951543625622,-1.8043063935808026,-0.356616453774234
0.23045182498853398,-0.5921542136248465,-0.23489671578701285
1.3341967022879302,-2.2471789708510483,0.026139578611653766
-1.1508808742431897,-0.36387718994135576,-0.08138892513617588
-0.15583046509747672,-1.045821555560444,1.2387704690896633
0.963809431510113,0.06063352523166565,0.48986798768139084
1.0617620010501887,-0.6765758053715161,1.1004896528614074
2.1803618948490153,0.7323226572934282,-0.1793576433767058
1.4515982646976107,-0.9269802151119337,0.48271148948732284
1.1764025452113442,-2.333306447088131,-0.9204280991687024
0.305062375861905,-1.4675129706848917,-1.6696909850031565
0.5415099172831366,-0.4822828764019336,-1.0291146244800975
-0.48503654151679465,0.8075656882155967,1.1408498008482466
-0.7260797546049345,-0.2083840730470224,1.0616325658361196
-0.7210692570494536,-0.24358923718674536,1.2704694346427312
-2.2698907160320196,1.1965077062592966,0.707915241650707
-1.54643850257819,0.5090196989081994,0.3163869758458722
-2.50442055473402,1.7494480769073357,0.19951912019355458
-0.8092081469196348,1.826273809027711,-0.9214028974635233
0.06886782557541105,0.6454958136150619,0.386069326484732
-2.09279350756379,0.22365360656626196,-0.4097859925415956
-0.6141338031477395,0.5818709906513332,-0.912518891092824
-1.0192407657499134,0.18027012676833715,-1.35290167286162
0.3323633125771702,-0.2790721370632776,-3.5834390557524514
-0.208640400333221,-1.1780798893756113,-3.4229953433371714
-1.341746838389183,-0.47963147285483554,-0.38285684342035453
-0.35768894532961154,-0.8463191246431576,0.26447577346052564
-0.6379347828837976,-1.1177599314847235,-1.0221247815027215
-2.070796198193618,-0.9488036723018071,-0.3530089008312289
-1.1320217691116987,-0.8903687640982622,-1.1222505111123955
0.04223530712911916,-1.762316301995716,0.21490265828727761
-0.9810993653621651,-1.633593388350893,-1.3593338614720383
-0.9919518295667192,0.15851576430253234,-0.16403884229206267
0.48244619724467547,0.601400428085202,-1.1856892496764004
-0.08956612570521963,-0.4794989150748617,0.73773027920084
-1.2415717092789214,0.65394823185168,1.2618190097091893
1.2088343470766265,-0.08271247670365733,1.3432316644347568
2.886069010077156,-0.6589979152855253,-0.8634244153149813
-0.43697552886918567,0.3832130712185687,-2.3148624157160747
-0.5908068173725156,0.628919722648245,-0.9722556710281233
0.13004145549791446,0.5367497171249765,0.7927379777993315
-0.8872956529898397,-0.40862027989604305,-0.3762904563711582
0.3865439853676903,0.6960884484470421,0.2630800911329291
1.376765659573773,-0.8299966431528596,1.7987641571176012
2.2116214514991444,0.32062367566931693,2.6811809873298604
-0.5508124819282016,-0.3641362984279934,0.6052870329829779
0.4460730827932424,-1.2322088888161422,1.0601386658289744
1.5935726853933345,0.07909845567592821,0.8138203565759883
-0.19108699820408193,-0.8073017382874005,1.6565290835846609
0.6838055048032914,-0.44267038852124435,0.4103549960264399
-1.6839051207097313,-1.292187612945061,2.1165965851529434
-2.122408131357332,-0.4566139852514498,2.06574226577167
-2.3161267336809583,-0.04359651784464161,1.9707866703964902
-1.145564044933229,2.8466047967444474,-0.6832059236799501
0.4859465074172644,1.2505006609757594,0.4303171929967
0.684280405407878,-0.10790586662211687,0.44415498895769023
-1.5157612486943481,0.5492945672603353,0.5202359604693707
-0.11922045570407169,1.3327656087173179,0.6277378204443962
0.08847919194624035,-0.21468553230263332,-0.39835185342685286
1.230974216150451,1.3289926395546618,-0.4372863630254805
0.6614898553284997,-0.24011805521643514,0.9541136637547045
0.9961617513560286,1.8211584088555315,-0.40126624530238664
0.1200729766597971,1.142025126953338,0.44585641507457713
-0.15563114921773377,-0.30194852697703145,1.1043357364608597
0.6433197879367147,-1.0672483640522406,1.9076106693359256
1.4918586031649612,-0.39932768477832736,1.0334031970439992
1.2999870726983878,-1.061366912645422,0.5467330776860818
-1.5023900082599866,0.34577218918022457,-1.2881266835988185
0.7522248242990057,-0.15723399937633803,-0.8557303237305862
-0.25162149393500277,-0.36665587361024543,0.9906661832827435
-2.6136194035025806,1.0936374492830652,0.8333565727430798
-2.513831349608506,-0.5284936684077053,2.0930713135797427
-2.2024225547469842,-1.4175973447998123,2.183850199154601
-0.7626584010875779,-1.646724248936305,1.3085500749819194
-1.4070818841840662,0.2774592739544527,1.7156460023640934
-0.17153474327009,0.500390698224243,2.61901112604942
-0.08608104424681971,-0.9316787763086797,1.758979475857017
2.043006527413704,-1.480598881340192,0.5180269712345229
1.4379493018083045,-0.7942042896758352,-0.7232900947600535
1.840832507134623,1.922938577179342,-0.16551358835611932
0.016347963831310874,-0.5874912364638041,0.17521918704312123
1.112051325231913,0.1814221282634796,0.08520575260270677
-0.033245989173349644,-1.00145256858635,0.8773542026262355
0.8971486267989108,-2.046456070983908,2.0285160794938015
1.0226455342934568,0.3763666096538394,-0.3278697087382143
-0.8545013882687105,0.03921399505962278,0.33884957252608705
1.3691101287926084,0.725685911344943,-0.0732564905489898
-0.3418141432695879,1.5928435283916216,-1.0013336710252099
1.457561483137528,0.5120371145893015,1.0899152371052456
1.4077120316280425,0.11902306785219247,0.02556124672649618
0.36294813846794144,0.4878282263013337,0.08993711958096483
-0.41233733883473445,0.07828270283303462,0.12354558950963221
-2.3349027638321793,0.497309466205216,-0.9179484299619907
-2.3207837851218347,-1.4386896140081022,-2.2528667128488857
-2.515839395673207,-1.4283657646345416,0.8268257811021253
-1.7837993737318074,-0.5364327760492394,0.8138942770573914
-0.760834500650055,-0.3456598487506134,-0.788346625070549
1.0705102979541845,1.6343667192625786,-2.0768320066579604
-0.4887734419092873,0.5373730172542832,-2.0029537982391714
0.2615788325012216,-0.45958569377947145,1.1635791686870167
1.3213380105942067,-0.017218816257520836,1.6087758476632406
1.7665694296544123,-0.5725568961870037,-0.011829320710344482
0.9614277777968536,0.5753576764044421,0.13314573829824541
-1.0962825932925704,-0.5151456057486212,-0.007399994445255326
-0.6238069009721154,1.7149693739154976,-1.3896879396216257
0.1936857913498169,2.3465977952860384,1.5766057756119831
-0.3075545275090528,1.6647283503632189,1.3580632450046384
0.04170446779876441,0.7335189739423034,1.1150070120023652
-2.511393851320303,1.048828977033783,0.6836814096631498
-1.478171822438417,2.5712766842364494,-0.33309331395897734
-1.1421619002842394,3.2771916443229587,-0.9986079618293453
-1.1211962330786585,1.4915703987306295,0.3414305012148766
-0.3527956091860158,-0.5468401477869479,-0.3614533125197512
-0.7837522378052193,-0.3506411191165195,0.24511700236995349
0.026329636985362448,-1.9513323136066618,1.1864994887458329
0.2657336644893047,0.40886589079057534,1.0374480716635883
1.2341897899804146,0.6709782568454146,1.8649497920345424
1.1393455310079859,0.23757388197980323,3.204909616464153
1.4587098877838849,0.6925313619943148,0.3261503916937405
-0.5589526735715953,0.6389811631390108,0.30859639361511104
-0.8935989017941138,0.4604732811815654,1.7429251248511513
0.24860302365324177,-0.9107718691619555,0.7599537352826319
-0.68066496902594,-0.8430858509895389,-0.03363879798832681
-0.8179780671169752,-1.6766782974681642,-0.14447408051235344
-0.9695966704057972,-3.76778783873635,1.9807349842454862
0.6039713190137734,-2.260194644293171,1.0091865418633414
-0.8696686878106751,0.5656255556642797,2.4018819657047823
-0.27814061565881293,1.3063434220174845,1.376227761786315
-1.475795746705337,0.24134834204508498,0.8200418476651146
-1.1924455920961128,-0.0979791064124935,0.3186213663234421
-0.6771012939135184,0.003268937291236465,-0.9012943832348799
-1.0555667960846953,-1.282949797054351,0.5271683580687604
-2.633430339882672,0.5121154447897504,1.649933576297224
-1.6188957569239575,-2.3470793654324233,0.4636562261813215
-0.8736320397507981,-2.1841379026451255,-0.2833902807175821
1.0933791789879523,-0.4271417890208218,-1.0662592547368908
-1.0509095801014556,-0.5405882121201817,-0.7465864067188834
-0.02925560268741151,-0.8056108186277499,0.1382063720024196
1.9205262387165232,0.41269561313038766,0.021014678670437208
0.7771126483049668,-0.1503253276146774,1.191148251787363
-0.23875712179881925,-0.029939954807356138,0.6467720277747668
-0.6211627537109417,-1.387435525287779,0.646360517505052
-0.37158534871085447,-0.19347729320731966,-0.2104200476866409
1.0350286244576206,-0.9735124278155046,1.606830260174572
-1.2301221975994512,-0.051986149350861155,1.2788458126139095
-1.410618166740608,0.398400863185582,1.9189415760671136
-2.9221279227243686,0.7019452390836056,-1.5338000322965208
-2.426728764885392,1.980138984442748,-1.3486820495403145
-2.3872443468516686,0.7921317632366921,1.393565313393395
-3.0253044206318602,-0.6552440300209985,2.194214339876324
0.34505013322180234,-0.4310532393007832,-0.14194553258848042
2.26836856842006,1.3789157720988052,0.6079742214679927
0.32178193527261,0.640428545211366,0.14362702968916624
0.4917422722518827,1.7712157107370188,0.9512305559819862
-0.8315049408588169,2.262104305388047,0.7887474180041485
0.2713133254295078,2.5975930119726263,-0.7172065405114769
0.09983108400829097,0.7673419546270981,-1.9264626956211943
0.3966255196090654,2.8952275288979727,-2.8033090923163497
0.16603214875506236,2.08815669952376,-1.2785763445019938
-0.03011197813820922,-0.2551380136839443,-0.4065014293108332
-0.771819966085031,-2.3174907118205255,0.9913415058583142
0.5724758367995268,-1.1070843790591829,0.7247454411348597
1.3605559311153252,-0.32920253275150885,1.2663902753287442
0.3827957646838125,1.1473824721981922,0.9539808635970559
0.38544982594778027,-0.6963698526129359,0.7639462861002366
-0.639230004520561,-0.9864676528349621,-0.433402485266003
-1.3858499341595056,1.6315375765994804,1.1146378193554016
1.2274425350645084,-0.4071262312558237,0.6285726595885933
-0.6797863576718416,-0.8992579928249759,-0.6038406536222782
0.8996908276056408,-0.8458586745142478,0.7664590068828773
1.0539663033913382,1.880709414847665,-1.0962147196982854
1.786216391482468,2.08679557782456,-1.5214861978761773
1.9002415322143937,1.3795427519385088,-0.9882193588914965
0.12618527913519706,-0.029338075479931724,1.5557024163401778
0.06377545852508115,0.7674609637914933,-0.013048173497464233
-0.7479652169590982,1.4657152911456888,-1.3561002983002644
-0.7891963763848207,0.7668850566450764,-0.5666775473100798
-0.5736914732085667,0.7792623094184616,0.40951698216277166
0.44779180885504666,-0.5961726539585959,-0.07939660684741134
1.418658766304461,0.5965608605945744,-1.4125577549047696
1.0608092835044323,-1.679944819077523,-0.6593439753920152
2.428171658498193,-1.787865126807748,-1.1639950331875897
1.978115610821956,-2.4367340786135196,-1.214752546478834
1.5854989429927306,-1.852652886996163,-0.8433462604503886
1.5369351818113999,-0.5047803599615202,-0.15485473392979243
0.429345311635661,0.1176709352881955,-0.2011600470646529
0.6724782657436156,-0.4380965574738805,-0.28314899791186754
-0.653718659680206,-0.25405588874317614,-0.9525753625847785
-1.4409057800020961,0.13163320348380006,-0.26354790543472895
0.06242084494752442,-0.36530896783319905,0.2762788941193914
0.5820079947474255,0.26211932391499526,-0.6875142357424464
0.44036747964490164,0.495199958012159,-0.33657865096328127
-1.8662939185486338,0.40808960297955954,2.044241713915602
-1.2931862280312996,-0.5240322963655414,1.3954694166691992
-0.33421490354907807,0.9307190172336439,-0.5601334475742884
0.5642728008004534,1.0557815698682855,-0.42221326072769017
0.6208237183219163,1.5573482665325,0.6612087496646053
-0.8326074529127705,1.5988323200217345,0.26591576979978493
-0.3434296284408707,0.8726131510125614,-0.017285103898366933
1.0199926828866295,0.35258861565706867,-1.1281886803323522
0.1164664854735859,0.35498902463900994,0.6651204441308743
0.6613279276856265,-0.673040766427539,2.8177501387443287
0.5954392748207928,0.9388703547852453,1.2571606357949352
0.8310788821158458,1.3089036819110274,1.8467750296517236
1.472907746436148,1.5266488410284915,0.6083007836317531
0.16470783126201238,1.0959319308384434,1.2372784641569459
-0.14036678514560086,1.6131379311336083,2.071255977564652
-0.9865043116462202,-0.03035173822947579,0.8952529298769898
-0.18563948763391397,-0.5397428828817888,1.7998291438056393
0.3312471177014942,-0.23042439320015493,-0.5359949519657077
-1.1501922575767598,0.1657970536817288,-2.40059310213769
0.4375412808556919,-0.0752553175314559,2.0427964185258873
2.526686891043956,-0.21907672801324468,0.9150612067316287
2.2589249595240077,1.5936342459114154,-1.1804984540702024
-0.6569129855926827,0.17478231740132633,-0.007511643861236816
0.16841709771125574,1.1571626136845135,-1.2034533502959266
-2.2319353141132487,1.4365955021444021,-1.4299229481131979
-3.134455521445262,0.8633614970315827,0.07821421416207841
-1.6892848928439084,-0.026167637666697885,-0.12025512506486735
-1.215225208822737,-1.361130930773516,-0.7748082395228655
-0.08633269939755406,-0.3588869240102579,-0.2193443137946125
-1.0383148315521564,-0.3609466241407961,-2.286737203340161
-0.34068075189068847,1.2483843957431693,-2.6175007337121863
-0.7562680492630995,0.9532989765817141,-0.05590773242860925
-0.8263586409316992,-0.2156008409750393,-1.9968770086303878
-0.30974119115774323,1.9342756196562245,-0.7210800423505179
-0.17714957476258494,1.2892201205950977,-0.371632025123861
-0.9015891596414223,1.4678899759752542,0.0399455105498239
-0.4331813278870538,-0.24142103929062286,1.3234806872096712
0.44811208138958303,-0.6736313570126135,1.6635651972867729
-0.27351479769041565,-1.1188191710173436,0.07207948116309937
-1.907825951933299,-0.08786720509046608,-1.7951051377568006
-2.182356807232412,-2.1195216116237665,-0.9836222616692933
-1.241498863888078,-1.3864570189982472,-1.534388825505223
-1.792983185380679,-0.22885864595254946,-1.3177463444610993
-0.5801332711541948,-0.9996780091004972,-0.4778104294594673
1.0132114017389664,0.08632679584253472,-0.651319032946214
0.7638046712254105,-0.19750177660894566,-0.3177793317783788
0.05629128346420126,-0.26308609418986423,0.05320368718498614
-0.96521305784985,-1.1474218740849105,-1.361940710238718
-2.0828776334286347,-1.7909936292629345,-0.5215078483152298
-1.9342263322062014,-0.381882350400371,-0.22604017540505303
-2.9356173795411546,0.4640344090215043,0.6977785578891834
-2.4616713646054307,0.6522087474057437,-0.5076089584646073
-1.13316530555438,-0.9383940332520937,-2.0469109317668805
-0.9493998423901586,-0.592925962900883,-1.4211351594980444
-1.6587304794176387,-0.6963620435815785,-0.4412728271682882
-0.8742582698313563,-0.16567999119157584,-0.8907516140383771
0.7345887798004817,-1.2590133321505685,0.042184490067530056
1.5491854828602023,-0.14859857332638887,-0.18143198203106492
0.2462956947671222,0.9617883643830616,-1.5136909162772054
-0.8469764129960825,0.0833364166998094,0.4808082993733954
-0.043720570457145225,-0.9263775501603406,-0.06990355569820594
-0.636183429324867,-1.1729777673137054,0.9439377807076761
-1.689834843925939,1.0222919720775208,1.3001985805384608
0.2459442486407285,0.04820647401350209,0.5001585711901211
-1.3101796902043479,-0.500559170060052,0.7437341332382115
0.6409732166792222,-1.3574364018324778,0.00636112963383989
0.1691873881070888,-2.074507403108724,0.5945298065753203
-0.6393966376890646,-1.232644052731386,-0.15468446862421753
-1.1090368245642066,-0.6233670118462477,-0.29295181288013117
-0.9263762945607689,-1.0401451276034666,0.17304876434288985
1.1904291212119005,-0.38018533096260587,1.082642597082574
-0.7950073645475124,-0.03233122618753345,-0.5560470204297796
-1.8744286098056575,-0.7555370205528029,0.9138758241986829
0.012801523766816869,-0.13476378822200177,-1.0757626477905893
-0.18987988950452836,0.23431811479073467,-0.3623450943166967
-1.9387335282330098,-0.7731587906245044,-0.24525031130706498
-0.43307585459931497,-2.5827072164121985,-0.28474913113339095
-0.07348915742070514,-0.4417416196898861,0.5504830186707412
0.5458267400984527,-1.0208113165468773,-1.632760627787937
-0.12013938701217464,0.49122616693512144,0.577074213630463
0.6504794087916981,0.6749539062692951,0.668176755201197
-0.2308790423649315,0.2074166595810275,2.00315790342693
-1.0579975269743422,1.7184871205003651,0.6795507972214065
0.7964333456079074,-0.5475714492473557,0.9256795997753524
-0.3385534631436683,-1.6890529165478654,0.6813738422986219
0.8401950570241346,-1.689467896867429,-1.1583290393090904
0.32825276417711213,-0.9321692772108956,-0.03084489210004615
1.1137209534530443,-0.5254998198779419,1.84008086874424
0.781095221261814,-0.6091764159458706,-0.6915269247307079
0.12788809031473924,-0.6409751533840715,0.6145413339161164
0.5264276692242237,-1.499856698324653,0.4795250533690957
0.9347450063411653,0.7781030102255062,1.1272664940986072
1.2282191574820605,0.4491374997279167,0.9519452524727532
1.863614479447189,-1.1082086476156914,0.12653329901942062
0.15923849096735354,-0.17495120508172157,1.293488825160498
-0.5173550412373971,-2.4777799700102987,0.2345236675557788
0.654796211398708,-0.7012600820552697,0.5454480815884655
0.047404803824874275,-1.6296607772474212,0.7880183624187002
-0.8105794081221877,1.3692663447567455,0.964516389563866
-0.9859380066150445,0.07324792498974486,0.3893139881683447
-0.732470925329272,1.1534577380248265,0.38107316382821865
-1.097867201573164,2.467169554168196,0.23984491343433198
0.21990607518231509,0.6253582696393387,0.4830380844616894
0.4210630287343528,-1.5769701572764838,2.256794152691485
1.5011759752897236,-1.1856803947842296,0.026127335889887027
1.0981496014484138,-0.5061424979777183,0.3687326165081729
0.7406521969182965,0.25316974031706696,1.631672007645893
0.9384293035877944,-0.9230706287514077,2.178398856535398
2.1098292152821845,2.690521420136381,-0.034294604971898845
1.2977966207913672,-0.7368379931207971,0.5360018538932597
0.10069801222891095,1.5550267982645547,-0.5066140430719521
-1.6388340318528063,0.3062496584297577,-2.2287947927531135
-0.06831756141909306,-1.9119582170414418,-1.0859398151933979
-2.1119706005657433,-1.2762769130573628,1.100408248207835
-0.6953374088470767,-1.5016320614936154,0.5190006351648335
-0.3296518323790918,-0.27818568490340206,-1.1073580456984096
0.42774135765778476,-2.8434844740544762,-1.1835635752130151
-0.27440316362265227,-0.7884154109559997,-0.5691509349296384
-1.5427646356676128,-1.379200831295015,-0.08589545791741232
-0.8504496596983627,-1.2687245252832544,-0.5237815184706855
0.27094316731010765,-1.152054835510842,-0.3499820032644161
2.3054081717355968,-1.999710054639344,-2.0268337332068667
1.936293750666405,-1.6784980886137755,-1.3316543943460537
0.18699049720208838,-1.0990491850744002,0.9327109149233143
0.8956237072191634,0.312698919349777,-0.9498715983309884
-0.7033418829432876,-2.6827291998105385,-1.2843166202482483
0.6050322449140147,-0.8244180841568983,-0.8636715730762481
0.28021583873895434,-1.101094584653855,-0.22707690413633988
0.905986198850092,-2.1664340797374004,0.1861092357691782
1.3854279703797132,-1.4983173288320697,0.7937552300051728
3.5073684296624097,-0.8535014574029268,0.7901846650079103
1.0156271311698133,-0.245499566099413,0.855363957486259
0.7026559058550447,-1.1424451027585631,0.6340437500685803
1.8135238916451593,-0.12258678686475427,1.2790090641061311
0.6697499758099519,0.688606845991333,0.9187723702695915
-0.6160357417822561,0.662824427794541,-0.5323104783055148
-0.94089814577592,0.5207405211896446,0.03108903422736664
-1.659681537965089,1.3143560317776986,0.5875507954141562
-1.5345692045934283,-0.8804067805603261,0.1488708186256468
-1.2132283161578743,-0.3270629332271402,-0.2886812518427431
-2.614071018823947,-0.5518784049147283,-0.4499597369896843
-0.6733744846379147,-0.9741388770684138,1.453694804877724
-2.2483277929707146,0.8240980592684175,0.5025284315607572
-0.2645790241418011,0.49185051369294186,1.3908197518058478
-0.5196514766237118,-0.8526951683313413,2.1159141631739873
-0.3733063841939973,-0.2047891105414596,2.2927089956317888
-1.2186084341914336,0.4930963423685275,0.5564597413530035
-0.7414735727400886,0.31882713656855266,-1.2219919907704342
-1.1495738291904791,1.5104864606974155,0.2751951931995785
-0.6374264919224745,0.9983666888616008,-0.1566449090366684
1.037870139866745,0.29883076663663655,0.15351963761651385
1.6649652140754374,-0.6279561015275883,1.635549003305151
-0.6979788027056582,1.3156640803490045,0.4450989177006009
-0.5916881491781109,-1.2321781310084408,-0.23224525852739245
-1.3356506056159396,-1.223735410877693,-0.25343359505257584
0.2899663116649358,-0.4042643540382207,0.1809598558748259
-0.9505362330130944,-1.0828862666218404,1.8892049462887244
-1.2104691512697938,1.1147651187463754,0.7015412742634957
-0.6029466394913928,1.6277477196031174,1.6226630590704043
-0.41228588002478384,0.4256308062800201,0.755411081012989
0.13181458821972636,1.1041190900097655,0.3819353995006461
0.6847935921330168,2.1904192772758235,0.5722773120151077
0.6540496520712867,-0.42370118645215604,-2.3445914808215096
0.7154005552658117,-0.30667482450695027,-1.6870784153254967
0.6012304818192504,-0.21374114145038342,0.28424104297115016
0.3867261091686031,-0.8537938557953593,1.132286760444864
-0.023768020361900927,0.09963975577462747,0.08873267402963159
-0.6617108956783868,0.13398810807300987,0.057194980558500905
0.14897158752763928,-0.20165169927323762,-1.8077622934911468
-0.35828808982456906,0.6929926175071971,-1.2012572259886798
-0.4255274474268326,1.3328728146595357,-1.3126018402532627
-1.755566941956316,0.5058052878042735,-1.1404748713753683
-1.844029790731412,0.0775241880034459,-0.07873178844090017
-0.9313034569335218,0.3457431666879607,1.774041804294973
-0.8085305900243249,0.4512202179886499,0.377807539548352
-1.2506250148991354,-0.35929754442344486,-0.2898548017475127
-0.265836709902442,2.169427014489035,-0.8609708371495967
-0.5495436605666835,1.0215904941332692,-0.03468656986505153
-0.011221018328556931,1.794891041014752,-2.4437353554677346
-2.3925403793599513,0.40156734849722675,-0.12456749019015856
-2.7619182212855717,-2.806848665445144,0.5088956611241294
-1.1373018869400715,-2.4936327395220017,-0.7310917701588653
-1.53839466310471,-1.1362810522870608,-0.9918611612624396
-0.2751334125768354,-3.4227671890479217,-1.3527824457590192
-1.263620667199468,-1.967724272896453,-1.2144389813696481
0.16603344629603256,-2.843198908108284,-0.561728014354072
0.6413531463597217,0.43504798250781285,-0.7626299782705113
0.6451351775323779,-1.5863388013084585,-2.7732711934482794
1.1673419645478889,-0.7987296943022998,-0.2081229069257169
-0.7897319066958045,0.12053729237760263,1.7647563870809946
0.024839655009363637,0.3368501517798501,0.8909342743648472
-1.5584616296212304,1.5239980116002732,-0.1653905026226422
-0.27474755842759824,-0.801035300771117,-1.2621549158191014
1.2977136200084365,-0.7478199393434014,0.8221980181329939
0.5706261509457005,-2.215807742629558,1.3031666087982174
-0.30457924228275757,-0.4092150577977356,0.6767941719391908
-1.695407849084249,-0.04031276352829874,2.5346202281223946
-0.3547174660276653,-0.07767413476961249,2.3426535160180952
0.03330973218927816,0.17069716287798808,0.07970158584994502
0.25050289188423747,1.1207919978559389,-0.7962113591750524
1.5497472671890669,0.46868997478284347,-1.2858751911260669
1.772505710514778,-0.052449248346847555,0.11657729192307442
0.5944942229988518,-0.08605076770332748,0.5518488502958288
0.5881441690894318,-2.0385571643034024,-0.8453193149464776
1.2234820693355317,-1.1514151710532485,-0.9463909602446605
-0.7468329805897085,-1.6554439068024727,-2.494994120084278
-0.4746972089963871,-1.4261595339822832,-2.214084951027454
-0.30547202966614667,-0.3491091361384035,0.9861554566962178
-1.664619434396287,0.9848264752313203,1.4661792893631809
-1.6114024565748442,0.6956491922016912,0.2754563953439752
-0.6200126478686832,1.856955609505396,0.7433344303033006
0.1986020492991004,0.49816848479805564,-1.112389449772685
-0.1091671858908577,1.455692397262943,-2.08336258147599
-1.1096729611221239,0.8541139348655397,-2.0263360755852577
-1.3473599276762744,0.0034583857045927813,-2.378785441982778
-1.6478018100545055,0.7051571096396052,-2.496762503222353
-2.4217730395220904,-0.27744642471409175,-0.5164257491013308
-1.4078083277579347,-0.6033042904726644,-0.21385407703505832
-2.4496115967386194,0.19305350853870046,0.27650799288611516
-1.6341142724650308,1.1024512660657668,-0.9892421025099811
0.3108518570210539,0.7057192986281345,-0.8311736411331639
0.13555229314221537,0.24559488350312553,0.8046960758511352
-1.008902980899906,-0.6397217973950355,1.4386509299980474
-1.099986425633812,0.5806721786340738,2.418761448007733
-0.9517882397585398,0.9716984158923423,0.055688442664008075
0.2788391781885393,0.6852731939329383,0.5008825034922193
-0.5061524829411254,-1.3184468186007035,0.7536933164956144
-2.3164793939500172,-0.9765739015428865,1.318028524667777
-0.9663419611019726,1.4600556940183695,1.6841234149156619
-1.1370693688765627,0.7573412268606234,0.794691004913395
-2.1507114477844085,-0.5617283030540415,-0.16341540452316278
-3.1115762267481406,-0.2333706832753778,-0.3307795469146221
-3.2286820146856448,0.287527523639643,0.5504829712336483
-1.3873065284779336,-0.18030441338914868,0.866683637368679
-0.013432903762275683,0.21725136302511405,-0.3912704317504214
0.2698843136300428,1.3041063323380357,-0.7922642744869409
2.2328814959474528,0.12642223218363347,-0.3637251239033342
0.4439551519673902,0.2864819520120776,-1.9240842545869423
-0.3240642228330261,-0.9488802243425284,-0.8267037794011802
0.8324152640923943,0.1715660749432873,-2.7850112505594824
2.4582772849740775,0.381062978092512,-2.1690047657727414
1.3862665614779792,0.36672131154894805,-1.7513510998379345
0.8910499480810651,-0.4241116318458332,-1.28003754260899
-0.24075416171455194,-1.6447271056625694,-0.4941823010891111
0.46492235565906215,-0.3074799567549126,0.5728341020906785
0.5568013878443993,-0.6864654765943599,1.126080915476528
-1.0791168459197353,-1.2439041208096602,-0.40115961368498065
0.5404976361794426,0.3208364537352455,0.2867254302025045
1.3421786833015186,-0.7188645555443653,0.49195783496223267
0.5459149132675951,0.48744982611273124,0.13075468492891873
-0.11198543177628362,0.7846334316173555,0.9415465096556922
-0.7243379107349435,0.33124104445630165,-0.5876673788138067
-2.8602299728604113,0.36608015364187985,0.3150716668477286
-1.16804817734348,-1.7665216409334272,-0.19331359665261028
-2.8023718487228213,0.48644028718747134,-1.1827113804443914
-0.14578231490151428,1.1890897872778812,-1.4919460427582576
-1.2056761087185024,0.9449151100252791,-1.5902970585622
-0.5003534122010437,-0.010370035794278809,-2.5763069437467334
-2.480644725224981,0.22149923059745777,-1.849711218203992
-1.7934121795266227,0.8066134543925142,0.24858666753044878
-1.1692508111251205,0.0627080202863955,0.6244363668791084
-1.9415609752621354,0.25450706489089475,0.8641041552617083
-0.29055027921343857,-1.8094991700570175,-0.3293031921780865
-1.023538392430186,-0.8048626306192957,0.3160929836789407
0.9849412112308884,-0.8973967956777211,-0.33952600646974374
1.6421426244941912,-0.15212145930855547,1.097888507953102
1.1097993152569319,-1.2331773483675486,-0.7841841008012556
-0.9966125914304633,0.04546316057469901,0.7965047726863803
1.3510558456711492,0.8658369126105896,1.561090963878176
0.09551159018188993,-0.7234973604385619,1.6306248143566413
0.4654365473303456,-0.2543043058783884,1.2026838878113106
0.5559037561233787,1.1566647069143672,1.8963275287226111
0.8221722304020365,1.4241352260201117,1.4622263167860814
-0.050083616833600686,1.468632287923196,-0.663381910466221
1.028849743879083,-0.46020679580443713,-0.04588766843837755
-0.3307290864866175,0.3232855851722082,-0.05686906014709766
-1.7601205014066417,0.5823424236045829,-0.6063553069062594
0.0010864701100482543,0.2924969005366987,0.09224333193490858
-0.9570257199601881,-0.4430837811590126,-0.4125169701336302
0.3781896202624616,1.4558351972259829,-1.0114302368096912
1.2659429547889112,-1.4417598191127108,-1.699904519497135
-0.3258069787923191,-2.0733885989970773,-2.4335406495361473
0.250095422741638,-1.2507619972264,-0.837364927162964
0.815520397492332,-0.3597640054406665,0.23908071256889174
0.3382279125038966,-1.366875391026078,1.177354537105242
-0.41999817652917865,-1.619033994275465,0.4107593927482229
-1.1228100075611023,-1.2269473791271648,0.549433617937578
-0.2130632645344241,-1.511303755989212,-0.21298856397995564
0.9678013725030317,-0.2592517602606649,1.9685707573585638
1.6640288599930435,1.0146671884296066,-0.40358317177652003
1.5958747816299443,0.45422679251789266,-0.7527733894265096
0.9659527313475006,1.1723249308704295,0.12444489629095667
-0.39549743566830936,1.328621379027835,-0.5753650939304855
0.018934401130131534,0.36096062203678325,-0.5065487987008684
0.7757101756055753,-0.8597134087975062,1.6919206749264988
-1.4332309814917088,-1.0275243876536102,1.2161722274049902
-0.13230132431054475,-0.614237914398511,0.5506954107009522
0.3443994231723442,-0.5381884346569359,1.668528963285382
1.0115488258177743,0.6037301336771668,-0.13189224172772618
0.42638598850318427,0.001399118117879683,-1.071547496553329
0.5733571781973591,-0.5369461987208767,0.11963008157357258
-0.7835129737956521,1.4505675134813827,-0.8365176178052756
-0.17245414969738998,1.517143067128759,-0.9888992391027506
0.7662415685842556,-0.47061206423603674,0.9576680796311852
0.3972700492578861,-0.8317174400868983,0.17965226738815798
1.0075542940216624,-1.0003140118938874,-0.6595315557286986
0.28224054942709303,-1.6771191187169117,1.4907781300774663
-0.42527431650117675,-0.006942773178052253,0.9548591486865057
-1.1971712087325566,-0.00942609580175551,1.2614323536540009
-0.7868469394525849,1.1883998979501504,1.6522315696088643
0.5254913849320368,0.13454317670207827,-0.2537266629770548
-0.350841912896776,0.26351252901775957,0.4189233820438281
-2.3469923612088355,0.1236430628971295,0.3675509163450985
-1.4510404369199694,1.3530953704644437,0.6055555324234201
0.5846716896209123,0.46058716488198964,1.2402552587186348
1.9274022393379755,1.541987031713656,-0.47201396406941565
0.7100250421266068,0.42582881040703136,0.25324755304162005
1.0413660760778365,-0.6259782688222206,0.1944622904377477
-1.4992442941172182,1.1289558713907795,-0.4151430954578197
-0.6937582072141122,0.2548282217073289,0.9384560272845052
-3.184385545004435,0.11080376852775545,0.3634092561445547
-2.0458291600939003,1.7816284298995102,-0.7056248307834938
-0.25111840281128894,1.2470670036558387,0.908706837143769
-0.7927482861831499,-0.10943539729583962,1.550423326049283
0.028947165238535466,-1.5996550453246785,0.2359066485613711
0.4008562364673287,0.037936698884249886,-0.5612773289122694
-2.713827871583277,0.5421915351791582,-1.5009593544001105
-3.37425273391405,-2.5612301573945615,0.06350118299768592
-1.5585089165520585,-1.5062714594095323,1.4207749544616046
-0.1419297752529567,0.8631643130171504,-0.6823479949361941
-0.10551551158044187,-1.1851312184394391,-0.5705563293235643
-0.3013736095568982,0.03404802804335105,-0.23971428351988383
0.47272033350146647,0.7204641471605697,2.0350715356232
-0.07893648853539115,-0.5807906270860942,1.2636193831280087
-0.8417482714072391,1.1915654548934889,0.3485916526187718
-0.9864505035776097,0.12446700629562663,0.8927132497810268
-0.6509722350202901,-0.579433316982569,2.111708542514044
-1.181655958171895,-0.254150584458291,1.7081604228672524
-2.2221630895030207,0.3531852091767794,-0.20102746404682315
-0.28829876391750786,-0.7860584073305867,0.5922552998254491
0.961683684335959,0.46840732196751156,0.547444298150827
0.24954089923827993,-0.3422159153510883,1.7447568398925175
-0.5747247705485032,-1.2081740312455402,1.5377473549790888
-1.0834991884607472,-1.5541505130888975,-0.6747305846802205
-1.0246594336908914,-0.859790280440942,-0.09427356467941148
0.4389765274540377,0.0970027834453227,-0.23800900189288554
0.02129258734729897,0.5586588606378448,1.1535656619821268
0.13696049315684966,-0.18980142389148658,-0.41608317009448204
-1.3767250178338006,0.5713689600977798,0.36993693859231613
-0.11099898381023876,0.15702503369683402,1.5919032151879087
-0.5396179864899371,1.0337817540556224,0.7572087126044114
-0.8781597579243061,1.1094211843455726,0.7882404749861992
-0.08210711969522705,0.635989014228985,0.35622715577626873
2.347318433022825,1.5022511523106654,0.9009404728736465
1.2854583747148007,1.7582827767520017,0.9684650128282751
0.668933940131436,0.5755770631100862,0.40331516875144935
-2.8359587658123377,0.49838937085268487,-0.286818495734635
0.17469061537671515,0.2685387562380967,-1.3323726674022793
0.037465153560239876,-0.9118517069434559,-0.19277891798867325
0.3096799411196053,0.5019137776365397,-0.887271250688902
0.18884806678794944,-1.1140649066083654,0.2578591565802635
0.6132952138340968,-0.06122743227661187,0.13054860964707285
0.7214204977058394,1.5737253921702903,-0.21981995221847755
0.4993554325630042,-0.29926360309626465,-0.9781709377075711
0.3474910093748095,0.9543017451537747,-0.745366293105358
-0.062171024624719184,0.07026562807251269,-0.9074398173970021
0.263885943396462,-1.4621248311423882,0.8272196679682264
-0.5334793264312294,-0.009158930133052912,-0.8563887634097627
0.40210046733060345,0.667365142747971,-0.04399230969898482
-0.7933782881344905,0.5832307609720625,-1.2050523395838815
-0.6494523991634307,1.3210284814413573,0.19417575727880132
-0.3095432570412822,-0.31429233520216326,0.742675590813594
-0.1353903908226159,-2.477461765831505,1.1539676217233152
-0.09192802928100009,-0.03627963493268038,-0.5182867079811471
-3.2226678278365006,0.26094404087884476,0.03242032269139894
-3.3020055415247023,-0.848027525427184,2.771427905065601
-1.9566133849161544,0.30694521366262423,0.7350541251644168
-3.068609591311234,-0.016785639964593396,0.10192250229610322
-1.9341830343239885,-0.12303365548868915,0.31522952279368815
-1.1172084684158008,-1.3255229956917083,0.643799552958783
-2.5079759895303235,-2.7131189551300543,1.0610802711809595
-0.7469677226298049,-1.4139548426390631,-0.864908369164592
-1.0813948019889776,-0.9697241690060356,-2.0283481531564096
-1.2797260590177217,0.16746825367366203,0.4131312877110116
-1.0592977821674114,0.8402224811529294,-1.7074944267319614
0.1298023500299058,-0.3838371741510163,-0.5464015966580107
-0.18285124322475635,1.128495422708326,-1.1476364466689235
0.5361806759494528,0.2847402480576295,-0.7321237013441255
0.08423644481551676,-0.7033029804652982,-0.38016081657873435
-0.02052999971406312,-0.11041124182591977,-0.10557526259650457
0.7877295497552049,0.8683029951344088,-1.1034109531260534
1.2626372754683735,-0.75218492954265,0.03615041157470844
1.2510574224370554,-2.287409356433829,0.11105445231676388
0.157032597858212,-1.9024699361522894,1.4063795568573874
-0.575162841708313,-1.7576118971941945,0.7788847184337871
0.3980083254442599,-1.0204545346072242,1.5558129048861458
0.7299798246862205,-2.6884385870350425,0.2484394889360646
-0.19685218700858859,-0.8648583400880991,-2.50059731190608
2.450583615213428,0.09859692485016047,-1.101421852035349
2.4068595240258603,2.392952515237705,0.32003571857072877
2.1522428584845503,1.3271662820832348,0.018492105918416102
0.600325985237374,-0.16252885067292466,-0.6777680467402893
-1.0503929717242961,-0.15713587602148565,-2.0235516005965315
-0.3342799617184374,-0.11489854605308457,-0.8648405019115779
-0.6892715508792111,3.019411097153961,0.927695649224524
-1.5891782755243282,1.7425736360038788,-0.1441583183250616
-1.809068864469578,-0.4687852531219955,0.3601375315967231
-1.585914667304363,0.7334333974642064,1.1738509803288006
0.580957051559268,-0.48567006734200036,1.0622911008564104
0.9229327424219349,-0.717013208774965,-0.24062640696466986
2.0709870369869403,-0.13101072865542876,0.515654547229403
0.2134175066655427,-1.2847898308499082,-0.31162250087740895
-0.017312634057225676,-1.706614922242303,-0.16565605908908748
-1.697161505097113,-1.9733548835910237,0.5880832187323314
-0.24479023227066232,-1.3785542071823782,-0.7237226997107873
-1.149798667661342,-1.0625453495325032,0.28265714178989776
0.3533463575136535,-1.0278044102482207,-1.012163855089835
0.44451681662316006,-1.33743717574996,-1.0243345664061199
1.5475344987486175,0.15839684069078808,-0.35419297095160823
-0.4981517517384141,0.290594987816053,0.8855608053117223
-0.6247095416347426,1.4964115838947416,1.7355256921740683
1.3513780613261022,1.0534489184787237,1.4551545458930464
2.089876318994141,0.9741183963083375,0.22634316515631048
0.5963953229692095,0.7256141519279078,-1.1773898393680635
0.1549387461204121,1.4593541941942076,-2.779948770849313
1.611951474854721,1.8520513158002634,-1.8497390012551327
1.34936656529917,0.9291733848064583,0.3051208678111167
1.6573664254195262,-0.93548403077978,0.739822847369735
0.6230553590665154,-0.38490944487179013,-0.35826047728494803
2.059664748654093,0.847607097466681,-0.9189014026154413
-0.30477823258318604,0.038130917755492266,-0.02494805521641491
0.08781672765462997,1.2721982836459895,0.7774456945726448
1.0134773895802218,0.9629545424334321,-1.000575882924668
0.31104016364320947,1.5415670111253816,-0.55181086998698
0.6586104504453515,0.4520351903165577,-1.305717283535335
0.2059611611765653,0.5350650381909328,-1.3085463612291113
-0.13273066426838587,-0.6719307228905163,0.4649717369495403
-0.36082108972222693,1.116790183680925,1.7612337190156786
-0.2614565095828572,-0.45005364070688714,-1.2052810182254978
-1.6027653278182201,-1.5988616452521036,0.7758291183487558
-0.685558076682164,-0.409826298534064,-1.8325064497607482
-1.5407454675583436,0.682166627179255,-0.6294791124977879
-0.9175780124647691,0.9059256721897501,1.3210582498869212
-0.6798314697694351,0.5223326387529444,0.8531260436747657
2.052193900389275,-1.8381899450425534,1.109786036626191
0.9112947014355739,-0.3523232463370971,-0.10247953568162893
0.40668231985933667,0.5352489562969468,3.061670433203027
1.0113773493317397,-0.5804411198820352,1.1070755345788106
0.052274566282016044,-2.0858637325710325,0.22344757558796802
0.758966364962753,-2.3171639853623116,1.1602064388445765
0.8672580035657147,-1.8928153146521938,0.43857358208444086
2.0319508094238903,-0.21285984382023104,0.22807044594036824
0.7782920877509608,-0.029820851458455908,-0.39772833497211935
-1.7156034618435343,2.027267484805503,-0.043539168286658214
-0.45965446579923,0.9557259925258428,-0.7568863848679173
-0.4157517138483857,-1.12153176593139,1.898643305619346
-1.4423878553465888,-1.5927321668128744,0.5090624484232725
0.5668817971790832,-0.7818570841437831,-0.9816045718188262
1.537779259346881,0.34007208471358985,0.0476326713070393
1.484623870844281,2.564397942939246,2.208911230689632
0.05559659241884518,2.906083964280775,1.4876238051037163
0.526894112347172,-0.2392288495029411,0.5734261371636622
-0.5493765341629789,0.7084443901418387,1.357793568984636
-2.349174618097801,0.3321873310666489,1.8007582892865703
-1.3612662713623456,0.8951573105356889,1.2515446122703693
-0.33897290372854644,0.176263677199547,-0.5908084980005249
-1.2910165992893006,0.7974843530550907,-0.2759459934813793
-0.7840205442518751,-0.02514786579480721,-0.4431618422214414
0.6549015223622019,-0.34781801476543034,-1.5626456344122894
1.0711025367212743,-0.3787856712474324,-0.7499269516733683
2.143129574760148,-0.20995339297422339,-0.08577980271795882
-0.10735870391825131,-0.32464614883807186,0.5666361438496218
-1.609053085800368,0.038522018696673654,0.3841091445696172
-0.7632390873127446,1.05641990800658,0.5264930871333301
1.0964523547000717,-0.4653795615907462,0.399171110785013
0.6326929637399833,-1.3019442745504528,1.1558805574838527
2.6410197877228097,-0.6679782117590574,1.082961367015693
1.405028369676732,-1.0475737757867043,-1.2792795942941697
-0.0032592982569991102,-1.9157452688450833,1.064462280912033
-0.1167393430517387,-1.3037919634697124,1.4213849652438224
-1.180120774381757,-1.4187600197394086,0.7787647518705323
0.43870860423260183,-0.20769496470091608,0.6377075184511484
0.29747203735231725,0.2963883731763171,0.5205066643548288
-0.8812362561007772,0.1942734082213099,-0.8134353267403381
-0.35953558514956485,-0.38351123737758647,2.1326639594126924
-0.21966217632649435,-1.595995184950382,0.9321517690294217
0.4095276574746409,0.8753663536773326,-0.12337651542400763
-1.3776641452863196,1.2545201882696475,-1.442286963611655
-1.124987514150645,0.3696396086238297,-0.7907769351059357
0.12667069999901315,-0.4988144779744728,-0.6691177197197286
0.04906499705011807,-0.09980928146844836,-0.2367316851519416
0.4605382737476388,0.7939348689075131,0.274268273074997
0.6838546603830375,-1.185255732292721,0.18736183570317894
0.8214348781931273,0.13631332842408972,-0.5986698563822047
-0.24832183579208134,-0.5059440110715534,0.237078971700241
0.9097201370281679,-0.6604321128273782,1.0265017994771695
0.5783398776786781,-0.4545018335761254,0.3018666699206157
1.0357813034414962,0.0983268999990074,2.426758762607945
-0.33433399127657604,0.5672651520294795,0.6841783714924597
-1.036453982626932,0.27276543897976757,0.4794416651532659
2.3999465637466266,-0.04776309619331823,-0.8904578969080503
1.472983999367699,-2.0985215856430273,-0.537185731058291
0.7525172819790099,-0.25466040987630223,0.7050293838987014
-0.12731097791821272,-0.27794421956808424,-0.41360613866132023
-1.1917180437668002,0.1709226695965924,-1.4803886179272594
-1.0104859224552634,-0.9097126251009415,-0.19051112267337
1.2961871380388563,-1.7564442953538018,-1.9482740442342537
0.5232066836693607,-0.8625243517191425,-0.7554777153598292
-0.18471717339966426,-0.6319014746850032,-0.010228447139312147
0.9480723059450068,-2.2709995076607843,-0.3740536626011183
0.6878449469135668,-2.053475858441128,1.5441428004667404
-0.2914874067719536,-1.0680306162278468,1.328093497075661
-0.7370284921878714,-2.3805883559183405,0.23539222162129725
0.6609263098331049,-1.5271893047443088,-0.7287381906483299
1.256135364419274,-1.0943695483952072,-0.8745299089743822
0.7775237718729466,0.2235654354211838,1.9444485772453548
1.2159979935938963,1.2716226840989362,0.46625808963482207
-0.4178691091725282,0.6981426916685911,0.3402989600770072
-1.2874472959508614,0.1737768159302827,0.5694670817576345
-0.2833302529573504,0.5911762613494138,0.5756982710162601
-0.648673785748731,-0.21831249597413627,-0.9111022624857459
1.4604381463107294,-0.09570588336777512,-0.6804041870377249
-0.198573008297094,2.8878049606438907,-1.413530125741758
-0.5281344297546204,1.8597393166080058,-0.1065520971266013
0.6938648403383738,2.737478166073266,0.4528816068974117
-0.7090983797974807,1.1117939579148515,0.5342731759625908
1.7136768516070835,-0.8419084994668713,1.469713093206523
1.0367527953499585,0.41687628549604505,0.6328618299673295
-0.32405623245134696,0.9593109221493545,0.9708619420892859
0.8100288495140484,0.46635082569604197,-0.1143910522752064
-1.1537725702668173,1.0525486809874274,0.36669395630638285
-1.5426689179973678,-0.012299332802910512,-0.2834118337982491
-2.254318890981102,-0.823832063006589,-1.2755362737054787
-1.5396384573784876,-1.1506135298328573,-2.2647730577194882
1.2527710018802376,0.6772339661128021,-1.9114059503797298
0.8988068975937289,0.7560820728776962,0.23538287958361193
-0.36920157786321417,1.4701478204212743,-0.4302138644151291
-1.5204631931002204,1.4592104695251344,1.0756514919148636
1.8276773769805743,-0.47012003032764627,1.2367454310382207
0.5040374446967542,0.5482986953602081,-0.8521168357121403
-1.010751053350187,-0.5017254754863798,-0.3470943721879856
-1.1464567932134488,0.40819160617022976,0.8533474321639216
0.02634914463863136,1.822883442745983,0.8425003455373038
-1.2037221380208514,2.274818234911331,-0.1839060628373455
0.3085574306751443,2.711143334010772,0.3647349793117264
-1.3418800978270775,0.43735950049559436,1.5051119565409987
-0.8400627345563552,0.298253285189963,1.5113803944341087
0.2762914948021459,0.42792645498044224,0.5470218259965884
-0.17452269833128436,1.071862052781564,0.8270804440660875
-0.34456134978343167,1.6180433393839224,0.28450610690325995
-1.0239428492261091,0.050050970788616644,-0.8364877828581357
-0.7843814412167418,1.2587497637305014,-1.2233390724595767
-0.203714959590268,-0.02731446376216251,-0.8719785775012259
-1.6118986917803861,-0.23419546103761865,-0.629694668555575
-0.2656614018544977,0.1061831827365612,-1.5132394592298326
0.9513675431162938,0.263394631590276,-0.5582262124374296
0.46650141817300794,-0.38606013142708173,-0.06131076646998873
0.7088391450150864,-1.9399257570590958,-0.5694162205810901
0.09947260210395387,-0.7137922728352698,0.9086028956365806
-0.7220045135448054,-0.8548579832354769,-0.058232662828259785
-1.1625298468769443,-0.7746154867300009,0.7416858885738413
-1.6351004188028178,0.04050665178790275,-1.3310592857314147
-1.378888205843615,-0.3092359743240347,1.0093300300483574
-0.9642464076744954,-2.3558614606129358,-1.4942238918370712
-0.44809361749056675,-0.5641598745165592,-0.37165608829128277
-0.05647670294429302,0.8801796602473875,-0.725419264882773
0.8666722045546787,-1.1919250549027236,-1.2676574653794528
-1.3737052926544768,-0.870807828121154,-0.680089949956069
-0.5727511541007185,-0.3735205611734418,-1.2675983057897624
-0.47661642146357497,-1.6842069491924696,0.7294298222373692
-0.5419342836297885,-1.330989593639926,1.9536552395627673
-1.5132136753641237,-1.7910819108519322,-0.11939270508718147
-0.8244782193815438,-0.4639093257883688,0.679979115574243
2.1597562078041967,-2.481387117094948,0.9487251469115384
0.5227475313298672,-1.8271087074362475,-0.1454095547981084
-0.6473959051430398,0.770970480885328,0.7695925496148485
-0.3005019740141451,1.7365009929296644,-1.1277326904914513
-1.4809561183379987,-1.3097172357298557,-1.2632808853690132
-0.5787795324642464,-0.5520000399325937,-0.4822985316246261
-1.700446597298205,0.5271547226477251,-0.0015217475733151076
-0.11716901718310402,-1.6291848162661893,0.3107299850111323
-1.2463497485090789,-1.2119156606844566,0.6897298911419495
-0.5320812679986262,-1.4574978101215472,0.351138101755393
-1.7975759492429562,0.42151849083752246,-0.0297149686185548
0.2197619696338481,-0.3157724416772818,-0.5384334727158603
-0.6543058018209225,0.7182877108544344,-0.9786478936864063
0.3174425315047156,-0.023308542242073016,-2.465287246734823
-0.4115928020341084,-1.190762485483885,-1.198740899685074
-1.3962041366915443,0.33059385797267427,-0.6904463101955642
-0.8756980631045111,0.8211890667739197,0.6186837789780804
-0.4579477833219072,-0.36060576616233075,-1.4646277266230894
-0.9150236486961336,-0.797515129729127,-0.625256410319248
-0.802658705486094,0.28917540718686463,-0.9256114764303135
-0.45837051959598873,1.3285751467903215,-0.12098052426019024
-0.2892228014865589,0.062343131459983714,-0.6937216588450722
-0.9952246536952272,-0.5098353000529074,0.4088050093217785
-0.7195005981398823,-1.6046907194076847,1.9725717977206727
-0.03978510792477813,-2.209288760217012,0.5444369716195125
0.09099382886602879,0.5999477131888711,-0.835893972449113
1.021537633788961,1.6994602835667787,-1.0466012912991267
0.23325519803424705,-0.18657910559038093,-0.7267617867298682
0.08003762467419236,0.56636044528718,0.7268025776555127
-0.708077252284551,-1.6841448415824045,0.3421565095515142
-0.06050109617363497,-0.5926547331061606,-0.15559499273328686
0.09450155157711701,1.2191174417991673,0.3039366725958659
-0.32611764921452574,0.1093609038035881,-0.01788402137979775
1.4736811372233773,-0.12862025762440324,-0.028736355210606846
0.2545269976753857,1.034673228629763,1.9454690771393714
0.5778765482690812,0.6001095181003073,1.0095173717439205
-2.095368514651205,1.045205623334971,0.6389251018678038
-0.6193422066648773,-0.18885938241621936,-0.06499432804318972
-0.7206960398356117,0.9271932928649291,-0.4112570006246882
1.722312302191992,0.894459065447502,-1.4813111603080757
0.7326098578440391,-0.20444558943266466,-2.9350380499740623
1.965775869035809,0.6009197475036716,-0.9343117070877186
1.1482915948176087,-1.0815576949406018,-0.9507729930992961
1.415926572192817,-1.5919988772528035,-3.007155812800461
0.4808572783154821,-0.9377569926539406,-1.3680144899855216
0.9689472826722773,0.16872731590423828,-0.42523743974883915
1.680005029422848,-1.4346061228611955,0.29196309460297065
1.4665408780483664,-1.956865347510837,-1.3568890613809037
-0.012671687451418334,-1.6399741162707107,0.07497493281197909
-0.6208746274168043,-1.6763355764165593,-0.5741462702885696
0.8081950204458095,-0.8251244138313275,-0.46632416050119707
0.294092011521853,0.8794981274108589,-0.9823338068538403
1.4625542967010303,0.6502453626269331,-0.6515862854022678
3.2321776462847964,-0.7305168084851298,-0.67947890226814
0.383657583978398,0.5872035662936046,1.3494494825176084
1.8617515733938377,1.517550536292807,0.47710427346283857
0.5656348092070723,-0.9123945043476616,2.274425671913212
0.7517954827520039,-0.9481541570433138,2.4652697249435738
-0.5968667753839989,-0.06745504429898286,1.0600057281809523
0.3402437521883015,-0.09730106133561289,-0.9209250270207483
0.24569824876418855,1.0002136112075553,-0.48967891936435937
0.8979642459711803,-0.5454226800702755,-0.27110025295203183
-0.17552833210298724,0.474269500069572,-0.10405856421402014
0.6023095102851189,1.324845176192652,0.6395892930143783
0.5742731894362036,-0.33578967041507923,0.31700853584028793
-0.2459538072977311,-0.5119587919117662,-0.2160298828301069
-1.1029024784311101,-2.2133179850898728,-0.7761579897428202
-0.358071787291396,-2.4548360379724263,-0.37239675839978575
1.7212325306652667,-0.2043614637339739,1.4573431299206363
1.2517441422653595,1.065329091119459,0.0047068344925307315
-0.018468195889304484,-2.2064756605777434,1.1884988912885643
1.5310898818752339,-1.6564150756361413,0.3402977392470472
0.01168282724665548,-0.4455539863405791,1.2950814149267644
-1.7369305602577132,0.18666153747196274,0.3708689357442368
-0.7550708881621673,0.5523247704102723,-0.002767970900702743
-0.48112229748686425,0.062287217650497245,0.96893221633793
0.17819881138406443,0.2517271465626094,-0.7864856129233178
-0.28948033752112196,1.0245327336204788,-0.355546233337736
0.5147913008285774,2.2787781671378733,0.8608329525399486
0.35055398811403105,0.6283999133732096,-2.123133119785924
0.006892071584162995,-0.011812539130244382,-0.6712003654975863
-0.1504591911826061,-0.32629132900191654,-2.114999113256014
-1.0151974247413695,0.3135053762995992,0.6584080745046874
-0.6051240961163082,0.4845637617239229,1.281682194205149
-1.1134559842584038,0.6090959241474037,-0.0996490092295842
0.3080964463618098,0.4559510100254345,0.24862730936664768
-0.6285503742376841,0.9350078646235022,2.20902657591434
-1.3221868825470482,0.12774492466422727,1.3361207621252618
0.1253127707222924,-0.4956738229573553,-2.164969909080109
1.4218458795251712,0.5126692081054651,-2.82543248502672
0.10335414798302966,1.8245170335800587,0.035080175944506076
0.9903170966704595,0.7361460828301667,0.10052750678476301
0.36423274320910326,1.4963128246839204,-0.8255786531027286
-0.6236832832796531,1.7584309991779759,-0.4571507820629259
1.0666257138139814,0.20770329260844222,-0.28335375137028807
-0.3891001279369626,0.11121432772778825,-1.620223812683943
-0.682183484923444,-1.3806467010642236,-0.11618867315071313
0.37549759729792986,-2.420586081016457,1.2757914089252163
2.6851639250688186,-1.1642866537718874,-0.003218555762036668
4.166912553537456,-1.9011118251884545,0.018497188988080053
2.2630785494006513,0.3945917078581874,0.36898756962082846
0.6329053789118743,-0.7538885164588625,-0.15732803543572133
-0.6904746714892069,-0.32911893844474827,-0.6428601975783472
-1.839275129034354,1.0905863191525296,-0.819102622218213
-2.1877743694924896,0.37703402508872325,-0.3411797451414477
-2.8403539103252786,0.5201646796701244,-1.2177474412609883
0.2908518540281484,0.784042851911797,-1.0087737107398105
-0.599741843303276,0.28705371839227456,0.10840388621338448
-0.32536505023683765,-0.07363194794071934,0.11257223392458789
-0.7665414563553735,-0.3800219008133974,-2.02950632194271
0.5904555026746809,0.10878682991506322,-1.7882090050047852
2.1939627326925795,0.14140989534991816,-1.9302480744775896
1.9537187878167481,0.4687531641842215,-0.5705440517545755
0.5511037892567836,0.6848723058701455,-0.5470303160983823
0.831493346274234,-1.562508301075566,-0.7073886210283802
2.137901770945312,-1.5483216059380833,-0.9575326080073765
0.6209895470226808,-1.988966938857685,-2.6870470802319404
0.07990837498772757,-0.8586240453471856,-1.3960286086546223
-0.10492437445402306,-0.38627115182320515,0.32482716722345295
-0.24290837315622832,-0.7672181529988722,-0.11871190127635983
0.4578925731786616,1.0284178020438133,-0.6874996898073582
0.32788007361821453,0.8525663429578663,-1.3363278516325021
0.1843572040220254,-1.0393906858631619,-2.43721422955565
0.4589250099032697,-0.9035700842623637,-1.016326707156606
0.2115675279432848,-1.4281850907949791,-0.5534176555426394
-1.1273175410432128,0.6768798126039111,-1.6326791726312835
-0.7594440414901876,-0.7038316817452926,-0.24591841295484618
-0.7111533920265967,-0.8705825604938564,0.7302423385741313
-0.32614610433574615,0.08135316568903905,-0.6162047672303992
-1.56788999609538,0.1478845448846532,-0.6269487391099309
-0.15751032559374578,-0.005966180220223105,-0.10839903032033549
-1.7021376927381167,1.885453849504145,-0.21844150019219963
-0.1534818760298593,0.10663525453244604,0.1987891521212411
-1.3795857015396749,0.505385465525894,-0.25657950832521226
-0.66060234683427,0.9506667628930445,-1.3608300653828862
-1.014792904029932,0.9326576625332877,1.4178064418553038
-0.6454787866764478,1.0574649491905763,0.6019317510691718
1.6195062014180757,-1.2184891923699674,0.3955869202039439
-0.8157909328530232,-3.1158161667217,0.49525551321978883
-0.2683976702790526,-1.8427450211030514,0.14143366657014128
2.964100598931731,-1.1795476485829601,0.5808411945351455
0.8326854798519846,-0.29454124925087694,0.05218692221195523
0.0058242571962622836,1.6716279075748863,1.2032784242903165
0.13965877599736182,-1.4683979821565236,0.24062998889258858
2.7728569524037647,-0.9648606577179699,1.2235325664999523
2.828370878154483,-0.2634664130030099,-0.23005534861817611
-1.021126892705647,0.5524300021074495,-0.9297836771326362
-0.33441299446513134,-0.9736053385356394,-0.7301293790365203
-0.13348744233151244,-0.2182090882235218,-1.4798868768706743
1.130167227595596,-0.7059993288437321,-2.4144128988885822
0.4560601938343342,-0.31862435539540596,-1.0466170162725315
1.5901625006022462,-0.3957610144335624,-0.6429281325050371
-0.3081031309319704,0.6226729956711158,-0.13715500217441498
-0.574079292760148,-1.5933381956299058,1.37583469396788
-1.5147196108361312,-1.3879471071846585,1.0462618580599432
-1.9539177340347522,-2.1874833318454727,-1.6008166536706931
-0.25596191411174063,-1.6389279106490582,2.126861765637983
-1.1223360226867438,-1.7409149787534504,0.4980379125335901
-0.3180333562048828,-1.3406608281620365,0.8613511702693071
-1.1376050680910959,-2.0519221325445995,-1.367539154274454
-2.792376701982745,-1.5440300857473566,-0.984749889530449
-2.0276253784745557,0.47139075431348365,0.7356552648429106
-1.3486156766817796,-1.5582257360352212,-0.19887747563359764
-1.2741292322579514,-1.4362478302956685,-0.7971576417150437
-1.290527511853783,-1.104665531045594,-1.0341199196730786
-0.4369412473012993,-0.1919640496179359,-1.4277050470190291
1.0525947023563835,-1.0760443266495818,-2.3316531373248517
0.9070754225432435,-1.3554302977391308,-0.8445350979050379
-1.9501308898289087,0.7147407926135021,0.2500258590878832
-2.475541994077456,-1.1214067275395347,1.7972788336414691
-1.9751509005366867,-1.3948882125023914,-1.3674126773285482
-1.3383536558698976,-0.9251637210869486,0.031786758105211144
-2.068255256119424,-1.982868652784084,0.46685601382908243
-0.02739755683264722,-2.562586677509925,1.3149420932142823
0.02384306307049785,-0.1894879996803167,0.5872506850895246
-2.5103563859527016,-0.24671138215619723,1.3537691612160323
-2.148924212060065,-0.5113206599855508,0.5007510770570378
-3.973975985898514,1.415687245444701,-0.6510001413686556
-1.4812525604764581,0.6211424865741417,0.9321189856750323
-0.33457015781014815,0.07564697176609625,-0.42745559968176405
0.6305656224770648,-1.8356178180715685,0.43216262043501047
-0.7837619403163403,0.3344747529208557,0.37738085288020035
0.2522427976919386,0.24922619028514723,-1.5636866687008966
-0.7346077645493692,0.797002432753956,-0.6151875169906043
0.8136860230309875,0.8017757794141498,-1.274295649197962
-0.38922112620514027,0.5038052802303121,-2.9511918905990866
1.478831322520415,0.6936493764927133,-0.248561348250671
-0.8411882795489615,1.5913898486016123,2.107218236902413
-1.7414724951517984,1.5670967192045726,1.0547190631384995
-2.415170095824143,1.2764323314541561,1.3609627364065982
-1.8087116005809185,1.8041326859823008,-0.9862820385858986
-2.3991119467401036,1.0386637385799027,-0.4677557413206776
-1.9161294617941569,1.3289263052618372,0.2970164435556105
-0.09992565996306246,0.541326717278651,0.7510884897561461
-0.4956131330115259,2.324482048725922,-0.43700152524391256
1.8574908629525488,1.1971289714523696,-1.5940116521906988
2.2968247819648755,0.7244658741211438,0.054118272284888524
2.372268309525031,0.7001884912055971,-0.5651817086703703
2.1618475324317656,0.35084975305739413,0.40326696427323383
-1.0728068075755786,0.622406593538549,-0.43695234300841324
1.1169062333907411,0.9342906446583696,0.02138157434509
1.044763110045592,-0.5312955305475334,1.633947477700599
2.5137519734397005,0.12726574527444962,2.407377307423938
0.6877277880473164,-0.7334806935877559,1.244613402440892
0.7788049323915569,-0.7607270280369984,1.1600748915889296
0.6957919482691926,-1.3786702893095542,1.098830463246186
1.2114242166561175,-0.5178658270643861,1.7020633348847856
-0.6116916851688932,0.20901750859965867,-0.31924903895438206
-1.419927200817534,-0.5264220794379607,-1.1016847030514358
-1.2579594191499048,-0.47736135043016914,0.28631213480566653
-0.9501387482806549,-1.8243063819846772,1.2832239138979937
-1.312159507755367,-0.9708736180969674,1.0881484638897083
-0.45646933547490065,0.6087427384729918,1.023077375337613
-1.0895442474345582,2.4829335432281576,0.7058721510070397
-0.6921123503387854,2.20539219466965,0.602387021433592
0.05317201776993441,3.594880095935512,0.026072082461749357
-0.2911748851324286,1.9140185599802197,1.0845519768119134
-1.6521214727566134,-1.0085466114863952,-0.04483928221419087
-2.459983695437594,-0.9291046532688361,0.4800800550221947
-2.1207407112710603,-1.8913789034157604,0.3093771892264453
-0.1978268710203599,-2.640662890224493,0.9749209929192069
0.7183927682281462,-0.36624634295561853,1.7059407113312899
2.5612103087736893,-0.5392152200968645,0.962541935743503
0.8641667211388191,-0.2676307652926215,2.0141443235080634
-0.9129311233612593,-0.9948650548118863,2.384253098258593
0.5635709452214601,-0.8605641742230211,2.0465285502500166
0.6230013151027634,1.0699925218894775,1.0977738689517809
1.337132771423964,3.177008171437359,1.1469860895233568
0.7178945515068257,2.310951070939659,0.2082121865577935
2.746914981278145,1.335546573165811,-0.16882722694661612
0.537768485619036,1.7649934781893442,0.7827737993544308
-0.22847012860457522,1.4589480842170948,-1.117169068535641
0.07073551077086865,1.182230394185242,1.1487452752914025
-0.7354510473432551,-0.6872374317097034,-0.3210553232793405
-1.7042940239865474,0.9930386419041314,1.3881116333843664
-0.5319304340444448,1.7178142666372138,0.8280141972724185
-0.36107686472298844,0.5258695142648453,0.10361610725864379
-1.7283399886705255,0.5271895207397613,0.0114741434152782
-0.11880927025738697,0.35711825680849035,-0.15696662986145263
-0.9305976651363239,0.2507123652260065,0.6597539158854356
-1.6086378236520227,0.21282993629374247,0.5629199094722017
-1.5223836954442755,-0.481441336761129,0.5120708035023153
-1.8946128660147608,0.10920304686882804,-0.6393189719080423
0.11554726002583604,2.392429268822714,-1.1804162876558408
0.5919814923875927,0.4694727295293376,0.45074602996986923
-0.969267662891419,0.7153231231923814,-0.647615951904418
-0.6916184205440783,-0.6733637135511163,0.49854249494354463
-1.182789564711626,0.2152824025562694,-0.09482678079056062
-0.7058671541546759,0.25539710867826326,-0.8092380620541291
-0.14256646353645105,1.6580331186935426,-1.1827138168597788
1.1005269115056193,2.3271141928345553,-1.4075118974579333
-0.9047911493377421,1.4655179965890424,-1.2511634714958397
1.4162076444941314,0.7675665387943533,-1.4277811437830992
-0.43905568876464574,1.4736882284880068,-1.285074545975736
-0.17569904492189461,1.6926468593564843,-1.1267956249186981
-0.13377835120110795,0.8297550198557221,0.1199266990567428
0.5238551599097718,0.19476377867303252,0.12361241102488917
-0.10985143156860283,-1.3802305175829286,0.31940706291057397
1.8372660450487663,-1.5738343994825272,-0.613326178147416
0.04790525088064179,-0.06232542101814109,0.1418223651227321
-0.13458506697613587,-0.9491817721480358,0.16328797420129035
-1.6319146608238722,-0.33116431921652467,0.9531683731885793
-2.067156467045614,-1.698100436437926,2.056022078289149
-1.6453378730273918,0.28689762772485894,0.8740133739467428
-0.9846237534550233,0.5818615133590744,-0.4469921697730692
-0.3598147332318661,-0.09055865814455544,-1.5439895282915659
0.15757470811046603,-0.3085871359501939,-0.9290195925904907
-1.1313735893589247,1.4371067997877072,0.41220439009087073
0.39846908949251625,0.4131086974521716,-1.5230806944579849
2.152151927235769,0.14545684072021767,-1.5103401432490462
1.4928775381009984,1.2398492083634063,-0.7782206277099893
2.0250139369898736,1.7029245426985717,-1.4654915012570533
0.33871686283546043,1.8089994346290532,-3.4453583144389643
0.019902738252741442,-0.5263314843101452,-2.199232958653007
-0.2888687199028334,-0.6214101200625806,-1.6518777314391122
-1.2415780095802307,1.981206206787396,1.0415231384417947
-1.7828548250463987,2.5727198546972656,0.12129607874804443
-0.7622399391914889,1.223085967451717,-0.5991006018799436
0.6027323740104022,0.7374295143025162,-0.7761017241592132
-1.0032232567952715,-0.5248802565678623,-2.029430977681703
-0.48938807998246625,-1.4591057205683269,-1.2802760013593928
1.1254078136191377,0.4697467126374222,-0.6724148947823142
0.4756191806664189,2.114747905739719,0.18454867296755412
-0.08999686954331346,-0.36864416425059243,0.48614755464852033
0.7843253378112056,-0.8159736066389401,0.5342765324622929
0.028589373990573486,-0.5920192025184727,-2.2206837913311848
-0.20748671672084876,0.6733597011488179,-1.7417444512321505
-0.05121699014510812,-0.41927085611751147,-0.5104305493233023
-0.24213169260872766,-1.1488769687407625,1.0773361930034766
0.8078661672278513,-1.179345248298556,1.0364564059195156
0.9413450864343064,0.05262861086189796,-1.17602769303532
1.4772790842497812,-0.5433846574947825,-0.9458417799589269
3.376521294385091,0.030181051973620532,-0.8592433654266389
-0.5170337255633606,1.4048546599331657,-1.774831353521922
-1.2619557662811838,0.37107503087873367,0.5289961149393315
0.14226210352516733,0.027700005599106875,0.5727901211084867
-0.5292546411085222,0.15350369236490424,0.35973180533238003
0.7041425751270919,1.0439299686214016,0.6738432848718348
-0.010276269982556319,1.2637872787008275,0.24495317623287077
-1.0870525037044112,0.2286058474394751,0.2070035719007599
0.3666895318125397,-0.06922524843741551,-1.1056969252892261
0.24008644920308927,0.07884341583784463,-0.36701083374186005
1.0399147405559748,1.0583449480088207,-0.7777162892525966
-0.09618608777095605,-0.5110262369510628,0.309957525654178
1.4007270644522374,-0.5705950463844548,-0.08645180189790416
2.167146089125095,0.22026033002278028,0.393009803852103
-0.10734346141117923,0.7888582342908091,-0.7326314385837067
-1.1876919166405477,0.04765754037869241,-0.9521084427405435
-0.8154456527053132,-1.4171528643355729,0.4827620850974007
0.7199634681637723,-2.655918906308601,1.2198388482152505
-0.45054689573974016,-0.47098391617151436,0.5414729314412096
-0.1964978837888715,-0.4205896075069759,1.482865669954091
-1.337836954419464,0.39754553498152057,1.8427629998665958
0.047421603330678685,2.523471681814178,0.392434737208599
0.9810156242588706,1.1556452055656685,1.429623444956969
0.4828188164080658,0.1899468209203647,2.0208839263501135
-0.250152530814897,-1.3177523484403737,0.4935950800012284
0.4939566811810837,0.7331625773669045,0.35792691529712634
1.565175407824567,-0.9915936327941408,-0.26430000716933977
0.4940125867581823,-0.6103562438695906,-0.048055615334472904
0.937917250771284,-0.7499849601052856,0.11500087928588915
0.42383573506159034,-1.3008823839437926,-0.056166249438490815
0.06825833763367703,-0.8155217569749424,0.00367633186220534
0.10980270943022465,-0.8400560575948015,1.2745528999023674
-1.1145792744879044,-1.140998137267297,3.4172400741747397
-1.595280992233182,-1.924253743343407,2.443096782088588
-2.8747603498904652,-1.1974007816441423,3.3673733161207826
-2.982316097098633,-2.5806648765607845,0.1845054561026931
-0.592798480202331,-0.1655557182945797,-0.42033606892716235
0.3868131638999035,1.3074774683646997,1.5771783799662442
-0.05292869922989643,-1.647732983487637,-0.03228973242656463
-0.4532685445502058,-1.0828052883222092,-0.20400426722200182
0.8922603256555663,0.7330257825264768,-0.27367578753578425
1.5446150388796018,0.7241742578943278,-0.07233192090532041
1.6788516765497647,0.4343391771850797,2.021645216645102
-0.5989853285196768,-0.29800131049947787,0.8843037113686008
0.13996002619815218,1.11895983185335,0.41775328844814374
-1.352249636407131,1.4019938123816793,0.9638354103660363
-2.6179834775829716,0.6971927725200403,-1.1082241254972798
-1.9736428362935483,-0.5542125407027796,0.2551526354933459
-0.8699912439745904,-1.5626972711074174,1.0076422807040153
-1.8688014459157096,-0.4512348450827649,-0.31018952893954854
-1.3000778054883746,0.27865332549700156,0.36635463458975476
0.686930170811773,0.05707296307704751,0.4896281802582184
-0.09427223699843812,0.2105263641613214,0.6843001381376209
-0.14544596595359507,-1.6984873020118356,0.6736209653997058
0.2918384943786595,-1.5294171273538688,-0.9475765533726611
1.6217983976932948,-0.2732630527825321,-0.7028693076080403
-0.32613368430084,-0.958446354812612,0.9511557429822114
-0.02540490128237391,-1.0298102444070123,0.9852671027157616
-0.8271006380875106,0.985937908076872,1.845434086254606
-0.8801243902465319,-0.13570129299242428,-1.6954161555649758
-1.921642966674634,-1.4073204214539683,-0.7125177367951019
-1.287055187778677,-2.0489956981422255,-0.6374229108621082
-0.13819044624198995,-0.4966584991555256,-2.218381736289935
-0.1973587036048258,-1.631670026549373,-0.20746217100469388
0.6854670645510856,-1.7138622395991452,-0.8697762879027469
-0.11853351822276442,-3.109724514530912,-0.09891997051079682
-0.332111305451513,-0.5846871746975966,-1.147869203217951
-0.7851786009756881,-1.7988688453879136,-1.5782251651032286
-1.5745712965560625,0.0965392561524887,-1.4873744313030066
-0.6631099635334178,-0.33249377578556005,-2.0131524816643163
-0.49985540493835157,0.43285644397081463,-2.2143356333755104
0.5591850882622031,-0.633292699492289,-1.590151742760596
0.8102756671411494,-0.9800825069656325,-0.7575010120444324
0.09044700478248224,-0.3606732467789977,-2.7594896115457135
-1.7844583128168419,0.43563038265733933,-0.3425634001238065
-1.8027158599399422,-0.026213160842464694,0.12343755284039831
-0.20814032831126694,-2.040783852092081,-0.824321470558178
-0.4366495440055084,-0.3172517288099913,2.086269748442406
-0.4463304988124721,-1.5656033265089844,1.445402951422501
1.0978305401344741,-0.6747875422749913,-0.1839470694430423
1.506909211547256,0.32615184736093933,-1.1180543789171455
1.13488022330797,1.1603414913393424,0.6228628531003209
0.5009911363445291,0.22209129949035233,1.5387052486314232
-0.959664934808621,0.5496249406661815,-0.6006740030487177
0.5855438048552922,0.01676695472192924,0.9682462341231105
0.7841846587831731,-1.2148367527009654,1.9087508491387986
1.943337595819316,0.274868116248733,0.1927875595331794
0.6656548435522491,0.28286127553012586,-0.6073166195648436
2.025173994239329,0.2857571094910998,-3.007006356889779
1.351942809875885,-0.20527884207176328,-1.5784297345633373
0.30735203915224274,0.704406995570806,0.3304729112717125
0.4367291818347751,0.012892310647243943,0.12389925082668601
0.23796420749501584,-0.795983884541215,0.6408782739845779
0.5790244276079741,1.1424492975060658,1.575788917280764
-0.39616270378614316,1.3915230232619975,-0.16305892445408965
0.4978507490477781,0.17914731287089092,-1.1047826856026293
0.5289707172212935,-2.584993471718695,-2.3033669172065427
0.08699347483636358,-1.210054969224505,-1.5210022287614602
-1.5359395612994169,-1.422919326750758,-0.3692917871433362
-0.18618801002134588,-0.7276827809713202,0.9721878874653207
0.30430301844856134,-1.1112970444438723,0.20559189032104297
-1.250714647983574,-0.6637875126133529,1.21489656438186
0.059932760719180855,1.0701155696124456,0.3045630383919368
1.376066174873848,0.34175355835825294,1.6238666017658623
0.6661763399948004,0.8781081529834032,2.2870456651927866
0.1396605414161946,0.6574430640358757,2.432386257802696
-0.06317289322196629,-0.9921707504882232,3.3592001834862577
-0.50135091094812,-0.3373293243065688,2.835606761194256
-0.8591693592052618,-1.1765325753754146,1.671540677371961
-2.2226610775150206,-0.8761723645556275,1.0808090030013864
-1.3812824355826745,-1.981537125463561,2.1345824577047052
-0.5871030638421618,0.4403835550299605,0.8072549786719079
-1.1735635136118447,0.48937269777014014,0.18784036300773432
-1.7645432147972804,1.7144706076725658,-0.5283500413901289
-2.722537992194208,2.1854013577936153,-0.7684730365076877
-1.9690928887127284,-0.6726869081331663,1.356704968343147
-2.274027031566052,-0.2778939733609333,1.590972806712014
-0.7152965827799289,-0.19860129867265824,-0.9061794549314093
-1.1673731271572483,0.0884996887061929,-1.2402637974527009
-0.38032710357985644,0.7259932531682382,0.34237098707375124
-1.4163429096026117,2.5596426815630733,0.9386648380910062
-0.7098856084703697,2.3693579238581775,2.834740191045477
-1.7936629052920545,0.9594163194377351,-0.96106156435059
-0.7041799199980026,0.8451024016440083,-0.5196928976180544
-1.0066235309973113,-1.626963315366321,0.1136872346027415
0.9521227184166694,-1.4045001134165926,0.4969035463245157
-1.0920829542117159,-0.24503699301578247,-0.1449305245823992
-1.3084594277087724,-0.8828821377240218,-0.46607684432420954
-0.2717963981618508,-1.7536042700575287,-0.6301537537299576
-0.17736997708007307,-1.9758413595606235,1.4815883248100383
-0.9421804686013782,-1.6573575934138023,-0.23751378741747875
1.3273898528374284,-0.2757735681074196,-1.0553488999523815
1.769926485278683,0.0628119102351685,-0.2704210288646889
0.5404860338868885,-0.718010031839389,0.20255558462225692
-0.27484421305214607,1.4577506136554101,-1.1680133129319756
1.3987346663288722,0.6175564580299044,-0.28492092244488193
1.5325250997938706,-0.32147106598948405,0.7217879234761955
-1.9412813054842415,-0.8807250662166812,-0.5631688456029676
-2.2241466651138824,-0.6553173711872917,0.104165545380211
-0.40941333405763536,-0.08678192839323817,-0.6136106922034416
0.16430977079634945,0.08089473065423163,0.6292508218342954
0.8590915883296913,0.07092377924774468,-0.5826275952441091
-0.22340436166723515,-0.514327470014161,-0.6065801315383104
0.1563482467561357,0.4580106551209779,-0.3544087587845328
0.09429891127854038,0.3723116325604935,-0.6931096925246064
-0.8782428020036859,-1.569282081030463,-1.0417042043391755
0.034024052265944016,-1.4875524785547989,-0.7586591395955274
0.4834433135452889,-0.22308674285473074,-1.4588624219638027
1.2387810132262858,1.01580671792812,-1.8592810682004615
-0.20444636302801134,1.6989940421102516,-1.0764940553555316
-2.3220011289658564,-0.5501844836775605,-0.7876166528502471
-2.32404321476753,-0.6885160124752217,-0.36141211274154483
0.3002329966509638,-0.6347119224653999,0.8918357432019864
1.5788766603622524,1.116953708119376,0.7306724649865615
-1.173850817657848,1.0193017194635534,1.4137361203068217
-0.6679925142643411,2.2542347298070258,1.5667016216208687
0.23427712002061368,2.213498076109351,1.1167206620713124
-2.3756719393850467,0.6076100865843097,1.7555283582835097
-1.9954273097908195,0.0803325380552157,-0.16707213476131655
0.7862089403063597,1.7216587264456233,-0.9674049625213876
0.5404024705422639,0.1803353154587638,0.13124215777068426
0.7798843125134609,0.9018732293426475,0.39753952659322944
3.3253483626451983,-0.5769871503394152,-1.5118335911398995
1.2695839806211375,-1.8564818407299748,-2.2483790655759424
-0.3665226638873982,-1.8504298257966147,-2.0788076347380313
0.33495761850171246,-1.4314039739836435,-1.218918392241496
1.0617115837517912,-1.482024511773248,-0.8740050948254701
0.8966157779688111,-2.682580056506845,-2.821908056363317
0.7944252177821283,-0.849275747686524,0.6532661066707521
0.5553074847578741,0.3951018434148328,0.13116040974940224
0.5748809639640233,1.8648077634569504,-2.0584126132509346
0.7010567395536922,3.0679906118058415,-0.7471720874161247
2.001101333009694,0.9047831563734784,-0.40563353787177586
1.0340753688934345,-1.7651995011720316,-1.3709945967860881
-0.5798373949372688,-0.060533672553488405,0.18665580729101094
0.0341177452378989,0.7938360605789616,-0.07082150907626847
1.2189905421584926,0.40570647292155265,0.022453292888622238
0.3439026378168349,0.8873037140972042,-0.4099721701686021
1.1483826961064856,-0.6884972836674046,-1.303902339812495
1.2616181031797469,-0.432792856416715,-1.1058425860593757
1.5208667840653332,-0.8236578422944419,-0.7531225473300577
2.159661342103826,1.1273134246634293,1.1958369366052983
0.7977048941180017,1.7943596173161849,-0.3510343594660288
-0.50805042766306,-1.4532760439662686,1.4973510221655155
-1.1180050629076081,-0.8531706017301943,-0.16164883084552617
0.1361627168763364,-0.8022189615824373,-1.3856413058557124
0.5097439226242289,-1.834839505601447,-1.5302263782433476
-1.8520171533139664,-2.3413778649983303,-0.586584019401196
-2.890544614759908,-2.651834657120881,-0.29566092583340603
-1.9888792034730067,0.6661193073988685,1.6860660831076724
-1.862362064487657,0.8901972721029161,1.5923155984332873
-1.5286598902682318,-1.050442900446746,0.7838593499085861
-0.9371756199482268,-0.9609859471939921,0.8342465431187782
-1.2193174169797123,-1.6324905211761391,0.5262062419092209
-0.22368861592098027,-1.9928902044881225,1.1911937319456916
-1.8823254457365681,-1.5745585609597046,0.3375883297752368
-1.5773864355202138,-1.352339754031045,2.0398686471957324
-1.6395773067990056,1.7650518454563915,1.457061103328918
-0.7277335160875108,1.3587662761158616,3.2584583009164114
-1.3574597619752033,-0.4410347808784586,0.8743629538862846
-0.6465867340230408,-1.9462885152518026,0.4595207162617503
1.3702537664021517,-0.8217368670011239,-0.06292510084440145
0.06696643451744844,0.4876432710510025,-0.8572953236602482
1.8798791378579718,2.1771813832398585,-0.17189686316833652
0.9284244808523407,2.1192504998614887,1.0088500706431567
-0.341779490633245,0.5330701167940424,-0.8179223993617172
0.23817519301743462,0.9331629418539119,-1.7588868375421316
-0.3361113083074418,-0.8806724466543936,-1.7782432290149037
0.38296140607257856,-1.1738182900054763,-1.1899475705397506
-1.4358310249110262,-0.3999189352780739,-0.6392471051145241
-1.4468747624886753,-0.38897376532151107,-0.13932867205381766
-1.5383055301536817,-1.670749426662535,1.7359100966599064
-1.4024254697871135,-0.9321348165181568,1.8787947833502667
2.8278424526769275,-1.710553858147944,1.3892246054016433
0.7063689410443574,-1.394067233650683,-0.0255997183059683
-0.7724704972784062,-0.7383249786100029,-1.4873025462012197
0.5605723178726674,-0.3141595532716268,-0.32121630019916986
-0.1859024530098895,-0.5242837108475618,0.12695575506774318
-1.2570018589107703,-0.6201322898371167,-0.7961356363445825
-1.5190697400463995,-2.4199043855442,0.9412587713077085
-1.4460736231769686,-0.04657613760854984,1.5394217070481466
-2.009036518104978,-1.1116993044771206,3.330213812879757
0.7464076828746544,-0.5873681655666645,1.922480012857228
-0.25764256150986153,0.1386686314170077,0.2440581057061425
-2.1611750450533154,-1.2522214708025472,0.14312180070365849
-2.2116547580292454,-0.6933882003148081,-1.0031001390810335
-1.8881813015166162,0.5064712062557877,-0.2540695219004121
-0.9537550720716553,1.132199576198545,0.3535738323971413
0.9696857552155398,0.10624052578413234,-0.2528480623289381
-0.8162663887835754,-0.37586045448035355,0.8383458631379765
0.8918541778703464,0.7723749408464913,-1.375018934980448
1.5290723015959076,-1.4523311528488252,0.21060785663212345
0.3967516242268986,-0.023632262490556943,-1.2271444195785042
1.369543444819596,-1.4767908773501675,-1.2820271206424296
-0.31332290535923724,-2.4926802914975825,-0.5464859927327465
1.6494276651573427,1.4205650765712177,-0.17608720928012545
1.9413951076461937,0.9423771762141461,0.41083959012815
0.628548902695858,0.6662655135296751,0.7428984996705036
-0.2641852775284024,0.2556384568718496,0.31301913083776356
0.6943106785663234,-0.9382129431917559,0.10496735681123023
2.259160808335859,0.6949536809900596,1.4016627272943203
1.1540122443459637,0.668474404181053,1.7030675303500855
2.1372616517039127,-1.6173657107923602,-0.4639075418748029
2.3780749272546045,-1.0855722111649837,-0.9036745601954788
-0.06512352336830163,-1.0978028071266013,-1.854206563521564
2.0585325110483264,-0.5713374555438742,-0.9850538235234996
1.6173429306919949,0.6766764414946322,0.45336124479288953
1.882293409253569,-0.29250733004354024,-0.07118618256041648
1.7101783600690599,-0.67364272666139,-0.04069972330743326
1.2538529444593438,0.4483637189796812,-1.7980308240239178
1.341672122118617,-0.009542198361884857,-0.19155770114757786
1.447767753414137,1.603143961938215,1.2576747970474143
2.070455539317365,2.245242300135346,0.920216383339653
1.067412856695522,1.9954382332460074,1.192189143102849
0.22464019160950088,1.4025425254312718,0.5609981047668301
-0.7416128126553055,1.9917320040919857,0.3356982949135043
1.6779018513711978,-0.6296262681538398,-0.38892962538661413
0.8715897623764703,0.8225679635519941,0.205004559908878
0.7462676353689865,-0.7159798107781501,-1.0544391172750323
0.695638477974398,-1.7220958992074333,-1.0590973089268447
0.8487365680730565,-1.8433722218804927,1.0758073078983843
1.6483046282744183,-2.4931061092785467,-0.394467589232795
-1.4616249303577409,-2.0291444171874065,0.5691546819560018
-1.1447074074537273,-0.5537749649777357,-1.2377569773037433
0.22562155085504165,-0.8319967104172177,-0.6067088063689665
0.0199362740344681,-1.6875468761008927,-1.4564387349242656
0.9777626060206601,-0.44478128054875077,0.3218296740912939
0.8135395385128483,-0.07940000546515891,-1.5650957816211195
0.1364030724952544,-0.06708432313632347,1.1705593074620144
0.7551581683463044,1.5025190201413667,1.1828173596257354
-0.3337241427763271,0.8683837262205347,0.8276323260771008
-1.1060176411588452,0.0498044865173462,0.2080491693613784
1.0526110119856955,-2.055838282132305,1.3098430053967323
-0.410489728966535,-2.3999983283357667,1.8348636327368302
0.5266532047511135,0.05451953821330657,1.718133763913992
2.3231716041129586,0.5859836060511386,0.7025895058338375
1.504512179377822,1.536460931371533,-0.42808057234319824
0.10036750715753018,0.4592704510878591,-2.3186230849369314
0.1882621619963119,-1.6564934784070962,-1.1062522295358466
0.9594208371334058,-1.3051231998473838,1.1239897554189477
-0.9807904808517849,0.5386990817081406,1.2371319341163947
-2.206428488736581,2.980143839894603,0.5548206815542311
-1.9806982665239221,0.0829847251632847,0.05739231311744153
-1.1177560056519207,0.14413789112130665,-0.26909999966523906
0.07434730728913319,-0.315560887102593,-2.0695141170730906
-0.11218784200507462,-2.5252580969245746,-0.6809864276451558
-1.0353941512851728,-1.0992686935464868,0.9735817677020263
-1.4664457709105865,0.5116219117388745,0.05340131716485996
1.019971916610292,-0.1093416573287761,-0.8137923269242614
1.1972244087004345,-0.490460558288024,-1.2483456775911392
0.12077235364642608,-0.2898368113270134,0.7180072924492844
-1.873701568636364,-0.121837746713086,0.9839072408786854
-0.7434022093263859,1.248946296076991,0.4176082906808187
-0.5562525468491376,1.2168026950518387,0.308117960291759
-0.6685350117050398,1.124545387112299,-0.49846931307076536
-0.9454446578718467,0.0342786717905359,1.1038345036310246
-3.693738684921637,0.4127381706582103,0.5861890660157345
-3.5277398016989387,0.5160958644651074,0.7688465248393992
-1.1742306694920694,-2.393780130812395,1.7508126742741381
-1.3248520394308756,-0.5103223186530215,1.616480117819355
-1.5391231053347307,0.40529879302503957,0.4227468179973193
-2.8409387320055233,1.3703913220402988,-0.5636715540175802
-2.274962828740816,0.2821297929834273,-0.009599051681402015
-1.1947518251925102,0.689131821198884,-1.3442888923693597
-1.3397622830269897,0.22856883827790847,1.2257428464740259
-0.7836936799272529,1.1995066828005858,0.6514265920213307
-0.875505477401195,0.3530289172858524,0.1572935839817842
0.1658930002601411,1.5511257262194806,0.43832763967721317
1.270024178871826,-0.18922687451994524,-0.1954666889754241
-0.08929044477175385,0.21983115361487982,-0.4566917296671256
0.6851277146483186,-0.8210861348250016,-0.18531489151228137
1.0294217683364155,-2.4758458424531113,2.028973861574063
0.23155899928833207,-3.2629628349027286,1.1725808293638176
0.14922296761731696,-1.7133757970238572,1.5774815276085752
0.8220564552357141,-0.5588117074880836,1.2388963977509353
0.30666977817977054,1.4960849954960065,-0.859747819482299
0.2929865633057819,0.8130671289367833,0.3834064963234435
-0.6973605957720084,-1.3371390379281445,0.34852626425991495
-0.06744980566740005,0.8210298904835768,-1.0960989141951287
1.12096886388302,2.77792930926891,-0.9258143446200415
-0.7304577875517141,0.9819902882610838,-0.44890220493864
0.19855898123105759,-0.10039958570750551,1.330747431678022
-1.015252824392533,-1.7894049450265528,1.7720841401263283
-2.782247443402466,-1.0988322413859926,4.003723199271213
-1.4031672746611645,-1.670183771389246,1.9444641358488126
-0.7523844259501158,-0.6744419453415065,1.634495050084026
-1.415303381342797,1.3503270825660403,1.062361809414631
0.019142355730405236,0.047014141527377595,1.817563041702849
-0.24748123094786206,0.3010595842572205,-0.024324556335684755
-1.120672241876058,0.8387350985814929,-0.4557691083752282
-1.4141592084424062,-0.223815792736284,0.47106851752980705
-1.336117465424814,-0.22956282797030608,0.25056200905200054
-2.585407618722706,-1.585907819358671,0.4615588937735628
-2.0297331705140502,0.2637710016010829,1.1975865511373258
-0.2956979189015879,1.951657288113139,0.5157039478254798
0.5010329664530451,0.3914276674605385,2.7102218867814636
2.234150135662542,0.20759426824806118,1.741697173295924
2.4763726671960766,-0.04334237069007636,0.2142245158482573
2.1121760846049207,0.05676806073863191,0.29010670756938906
0.22181669923449487,-1.6892881179940804,0.3811957636637956
1.0158703911114473,-1.0704508080730821,1.6270274013907646
-0.19598112985982086,-1.5899298590024609,0.7462833934992511
-0.18058314028120087,-0.024996198166007844,-0.4018211273143592
1.2778026666742976,1.9544188634252497,-0.24005459062552148
1.8886117535214675,-0.07928763891263524,0.9551942458691551
1.9915822853201963,0.8237934607335611,0.46203403406428356
-1.9584577985819331,-0.2298304132853488,-0.39489900065246025
-1.957483837351444,0.0073277979043918084,-0.6164129458474648
-1.8033539284407438,-1.0551362492956238,-1.023719458408961
0.21982224762955638,-1.1885931792753062,-1.0267984356377529
-0.34678649120846816,-0.2553030758282334,-0.05714972929034351
-3.2180497848473966,0.8939836759134914,1.4077931695985821
-2.6592114297853677,-0.525306406778089,0.2536431970210196
-2.0856097343492888,-0.038726329442438145,-1.8197036878483543
-2.1607324752113843,1.5198340354536883,-1.838071811272195
0.16306204049723272,1.115255213316981,-2.728303620224356
0.7168602154648226,0.43996030446563716,-1.8196188663619184
0.6033872009044152,0.6946136377996107,-0.20221761120633963
1.4799464480002098,0.7554427316781618,-1.4767428943895315
0.26632776634891386,3.3207697011077024,-0.01388038681303816
2.502451183985954,3.0558189327530365,0.23486187814922949
1.5526326617740942,1.4913294264996724,-1.6203736767718848
0.7943635833552714,1.9563392657920333,-1.4098268332071462
0.8091347907394453,1.829760678789214,-1.6145938559160484
-0.046735468973941874,-0.1030311510825519,-1.6294625346474314
-1.3109730181400325,-0.9519640369193028,0.6047244134741234
-1.5709635381603086,-0.34952279939896136,-0.20050654693389425
0.39338416795678466,1.136400896904136,0.7638167086719998
0.5028266370811474,0.33714091161116955,-0.80996634985525
2.194942199662771,-0.5911025619469685,0.25866317210521644
2.1570366724547827,-0.8508317778788137,1.1673441133685705
1.8427315395662467,1.3025479464423584,0.11432559025757405
-0.36449824749659154,0.14578421777666806,0.2660163376631187
-0.1240363966632393,-0.3205457873862164,-1.7761892901456835
0.40846479779748684,1.8120715853890919,-0.4238434069498382
0.813367917952257,1.4784810988496477,0.1851249664074808
1.3383499258442233,1.1346142306104898,-0.22011468644953558
-0.1268139470866424,0.3183334600245697,0.20407215322589817
-0.37948993466629455,0.4735054131437153,0.5411862103133667
0.6434344639370345,1.5195476754108381,0.34860052363554084
-0.9860593331791434,0.414669740886229,0.21836282922436978
-2.3287984227666625,1.5959993905455967,0.25155932712265117
-0.7830463768030463,2.163526157799064,-0.5043631665810211
0.18251874248250682,0.9718989557975963,-0.4362684503064299
-0.6809330165631259,2.1515526915853256,-0.5936342652287858
0.35899773861413914,-0.7992310416792736,0.8831713970753936
1.2317100252641282,-0.3021814105423338,0.21464323239977245
1.0158550182456305,2.1376999556091225,-1.6559150827035989
1.2899548966969427,0.15723267565065868,-0.8478759376515307
0.39709732926980834,-0.34970191997242633,-0.4344030978784947
-0.9356224806428863,0.8543294761417539,-2.0113450601378475
0.07195327250689887,0.10062888553630583,-2.1765974238763777
0.23836000685214465,-1.506636643938325,-1.0485848902185542
-1.303696904385482,-0.2920462376513313,-1.4486497787396526
-1.1028424692220502,0.14792626911749646,-1.4968670012120622
-0.6093852342793277,-1.4398673666861055,-0.11755789700987551
1.4602211884111076,2.0722751845669087,0.03238919816150142
1.5183147350027406,-0.7444880806240348,1.5189289253863387
1.5353858722254765,-0.8561774852632504,1.9966452629821787
0.5132168594673967,-0.8861139256461817,1.4736575569185806
-0.8067460700966202,0.5785678015768572,-0.3191610334675531
-1.4534278248714965,-0.6204058876199058,0.5999195207823456
-1.343489273955456,-1.6581987281771218,-0.30572023954462524
-0.7037870076582149,-2.0100718477529465,-1.3045412288066562
1.759402830270477,-1.86560132769036,-0.975312983176335
0.5124644143359527,-1.3541574716156217,0.13369024838093457
1.204375157640026,-0.9830331673394029,-1.1696331624018816
1.8766278066689162,-0.5868576748663841,1.1455052336562277
-1.3072719942307047,-0.09802561614987176,2.4913589507043215
-1.0069001325535105,-0.274506231409572,1.5411911669424994
-1.0622458851617127,-0.44932504775751886,0.43278048927984664
-1.1585436770072297,1.0041940263218,0.6774682769363585
-0.3286436064003128,1.3106680200510168,0.07437830526471234
-0.938525621553057,0.05270970541095099,0.038972193736965074
-1.5284745191494304,-0.47390616388120005,-0.4966305450029522
1.3603189702542986,-3.0107680218745165,-0.4279349939071093
2.4058532779419197,-1.3835395468048044,0.5394499764675381
1.3027529540707277,-1.3591031546188825,-1.972190946275144
0.8568321640716667,-1.4551581819118324,-1.7864308793028756
-0.0705711739432785,1.0172823156675772,1.5116221026025352
0.18192235055676165,0.043873933922060904,-0.421415366149943
0.5595013368244499,1.8048425670261745,-0.45804807010012827
-2.099245372340999,1.572470955328611,0.7563756763999856
-2.635468326556347,0.9627196613272583,0.8294138543360916
-1.3908414652871122,-0.30941108842172454,1.430644150731602
-1.0988004786122387,-1.6398917069107943,-1.33415241030388
0.7114492806931904,-0.2032818769842789,-0.579102658022771
-0.08454999650420808,-0.6306393526952665,-1.365287977452997
-0.47373064281198884,-2.4354068914678075,-1.4187076421950127
-0.5478028377570883,-0.6078233985434849,-0.7492802844708701
0.5210216949970149,1.045223405841687,0.6835299515886666
0.7310206948770642,0.5344743821016277,-0.6390230326192259
1.1054543988178485,1.946984573272343,0.02259452334080525
2.4699863478350474,-0.5520794214249123,-1.1428661231091388
2.0901946816657864,-0.011749500559205095,0.7423491150172382
1.0296257001061535,-0.8738501728079344,0.15758131530357664
-1.0178711208706575,-1.5655157595010016,1.0512346555697984
0.3638518540342812,-0.41975359494442394,-1.1954601931755704
-0.17647764849574793,-1.4348766861322626,0.5788031571999803
-0.6719609578104755,-1.8031860538476807,0.3191977437214146
-0.9761349357398496,0.5821508832798665,-0.5752120256734835
-1.887295727094556,-1.8618380741175824,-0.31839251525015694
-1.5055779774052045,-2.359823643570518,1.0300302036307067
-0.08554384127336034,-1.208129700722489,1.8793413459862198
0.6197641127619329,-1.4269207518796767,-0.0995494909976562
1.1278636008348277,-0.31709341947248737,0.11997302247183361
-0.28256600245149355,0.44940085726951035,-0.6955123718980324
-0.24326965581942475,1.671644575021735,-1.008590421759162
-1.6946240849825733,-0.21672490435924285,0.4900036158080423
-0.5925809051110772,-0.23723983086837505,-0.2640919974075484
0.1890694549976515,-0.967724766424411,0.17361956993882172
-0.6367198413141312,-1.3815217684872594,-0.5506776498556009
-0.6937673671410275,-0.7395907201773328,-0.039883029816686094
-4.035248974998958,-1.1774459178354313,-0.41151149226438233
-0.5125624488911491,-1.6687255672998478,-0.04295912803227864
1.238749085290263,-2.1473313135971965,0.37249566184826305
-0.18289729128938892,-1.578299399087833,-0.616863003029183
-0.8233059540605804,1.9327624483625765,0.5360243705570742
0.6900848847559189,1.4583747110177843,-1.338244603123421
0.7400004127012666,1.802116970016239,-1.522521775600822
1.3353268735117598,1.6053946948621984,1.090779157013259
0.2498804242422611,-0.2949136348446275,0.18376146913408387
1.5605112052847538,-1.9758626982642769,-1.9764949808639902
0.8696508815739902,-1.4305206419062946,-0.9805195972563104
1.3801372120228603,-1.2678296670719997,-2.363265629558776
2.7345501632113742,-1.631143120974776,-2.2406699367914857
2.4709950953282833,-1.2000606815289059,-1.1837248204305537
1.7182876717244597,0.4835527623455427,-0.9253231033970488
2.379095841776529,-1.8940234675620342,0.29712568525455274
0.3500203628706071,0.4252595828269743,0.29060732145782164
-0.49789515057409806,0.8754708844351197,1.0384920079361626
0.3929465475715892,-0.5919607974155006,0.03522888034599653
0.19240043666435958,-0.33724005135781066,0.767359915611346
-1.9187010141744285,0.1657070288745981,0.09369860336903307
-1.7978511234711667,-0.6596332633323008,-0.1676883628334471
-4.500010666195102,-1.0311062024577002,-0.9596590060630167
-1.7172221237749268,-1.3210797837393706,-0.6949433032019983
0.6836655657738386,0.33381162794573815,0.5547997483424535
-0.15803964752393246,0.7099380932625214,0.04350207371763279
-0.2751130344389041,0.7646543903778102,-0.5752425515621158
1.3554465872237516,0.22219705559096797,0.33073929047860706
2.133323772869174,1.142752302370659,-1.2435494574512211
1.5115577814444712,1.4220955456459765,0.2700882934351382
-0.35751594339239556,0.05401253580566434,1.1296023824591908
-0.9405183423788435,-0.2726897887614821,2.1406770007315647
-0.5180584215742116,-0.8631190322145841,0.19272114350287728
0.07369011879808213,-1.7647075245845005,-0.15097539214497951
0.3700755943890628,0.4167960582554172,0.592060384297506
-0.5290273207876475,1.386817346691429,-0.0034848453987245676
-1.5002166824432326,0.5213673140802421,1.4364267784463396
-0.5848682911566911,0.2732055213699074,2.355425033926023
-1.7237889926327727,-1.1489963533678185,-0.4381339540038205
-0.4892463098363313,-0.4080050495687847,1.3236693902778658
-0.001148077781395418,-0.6081596842636952,0.66362956801704
0.11713337957026039,-1.9758411154600146,3.042146428343413
0.5784377078870417,-0.7779122497074182,2.136237198450287
0.9986298345301259,-0.5295096103561407,0.43687746298444285
1.098765603586767,0.12095603535338206,-0.5914513675971866
1.9684184131606475,0.3538300539996744,0.43409367846903735
2.3761300942602426,0.19880384816467198,0.533998846218634
1.9980922856362378,-0.6254591597177163,0.3210510859553183
1.124594729469268,-1.2687881315422525,2.478162331651537
-0.8449960787577685,-1.932497969458284,2.5533077415293475
0.29076821141765813,-1.9922138022099198,1.8839428858663667
1.6132345507061387,-1.0263699587019457,3.5407943430077653
-0.9174445355149661,0.1806384745081292,2.9369255077248857
0.43262163384776364,-0.11403648939158373,1.1780212718512935
0.6604559880111391,0.7587362419562775,1.19148407220801
1.370285884798959,-0.6395018360885965,0.36797105698037036
-0.25487298972427475,-0.7058636941304399,1.1992064203044905
-0.01945257413690854,2.2539273160845497,0.7930095773419622
0.049965593511282,1.233146577482491,-0.2413039041889548
-0.03285381562195275,1.7443613158528914,-0.006681283966705059
-0.8098866376944477,-0.05290396255218943,-0.45354253364919594
-0.33107988443634345,1.1671345542001674,-1.5672599081910348
-0.485366220106928,0.7278772965351625,-2.6173357217249524
-1.0762813930198702,-0.3159498914686051,-2.1046382347129744
-0.3462511514882877,-0.31853455523609997,-1.6076052199575235
0.2548370508084912,1.5638074400281998,0.8354539067629904
-1.7953532466580908,1.3589759038492395,0.23970366331765675
-0.7425212804636891,0.2812049183820712,0.2374404615460306
-0.21985324415982585,-0.43834929815788753,-0.7776473170521655
-0.5586223046993971,0.015084615377821797,0.21017268315818133
0.5740378249904481,-0.48664771537800183,0.38893090888182746
1.2495215044485226,0.9222710374551273,0.13563260030939164
0.4038290272846492,0.6522597525639559,-1.0818911727427099
0.008305002606816436,1.070716274755108,0.10100154307234621
-0.2661151030604808,0.7530763384647207,-0.7741495687545146
0.5704345966947844,0.29871673309588725,-0.6630262360733953
-0.07650653774599425,0.08646449964808539,-0.7793907629686563
0.6198897671295662,-0.352051298192138,1.2032687145430532
1.775155387046164,-1.0675691389505737,0.6713386267008068
0.2369210721868873,-0.8604321326638982,2.3380967809952002
-0.18911088102235557,-0.06999002925452036,1.7103696845058785
-1.0951848129944184,-0.890090489036465,-0.35083752915517985
-1.4335631403949862,-3.295075353835415,0.36916363621603815
1.3374122710585767,-1.4997169378811805,-1.2316870412325884
0.025929752629340386,-1.2087353139655872,-1.63342829782967
0.8731475147098269,0.20589238739254034,-1.9721659427324947
1.1616548018024218,1.6297588572735353,0.9164752338633124
3.4460394239871732,-0.0871132208064298,3.2824580433268595
1.3688133234847983,-0.6360220657837292,1.968301396541275
0.10234532764938675,0.0810331077546615,-0.33592648946666415
-0.18757993823874095,1.32609878823901,-0.225024536164488
0.04780581762051227,1.1383079988368163,1.0581493612354163
-1.631321803379177,1.1536780512558429,0.2609355413759449
-0.64902300637775,1.6367891953902975,-1.0637188807238718
-1.3371559446319645,-1.1170353620186575,-1.0810183821257122
0.6618543720628342,-0.6791048694827982,-1.8806340867176419
-0.15475155854362993,-1.8274141382320221,-2.065503145089983
0.31144313099189835,-2.08758039542204,0.07988273265831047
0.08460127466561318,-0.9581954937664947,-0.23843160127873847
0.8151484758765297,0.3040621408937634,0.21583855127280213
0.9723633438459128,-0.060058599473543944,0.6501222825454496
0.14830389644914965,-0.02779767757436997,0.050417391906427356
-0.3830665910946211,-0.7030106365089752,0.49289879981209916
1.1190726172661527,0.8195966534150718,-1.0101159360393859
1.8487393600399495,0.09163982508960705,0.0956750471258987
0.018154347972763718,0.18779982641880885,0.36156070645985644
-1.4755276179332708,0.7021670795535937,1.5267153610682433
-0.9124117546482633,1.7112516706048095,0.5736641870817142
0.3933786537224856,-1.3629441306486947,2.7056098728543208
1.6921475721041999,-0.9660975695780263,-0.6192840902166576
1.134102154357589,-1.9269743318627701,0.1352114924491592
0.9786167963430765,-1.9048903349334099,1.1885727698389572
1.2948831009777118,0.023378169821858474,0.603144088588374
-0.7680825164248507,0.9895613571220668,0.031200645158395823
-1.7738214014050944,1.8468200445353593,2.1150078430817074
-0.9281588296817502,3.0825311768709716,1.1488186501522033
-0.8445353190072262,0.9108071342500083,2.211491733068844
-1.202411540891385,1.1906728770999915,0.5465820314752137
-1.0615125330200557,1.6255861325195626,-0.1067458305517468
-0.935551645930321,1.9455977634345885,1.5440243779457496
0.1769139803190728,0.318029106093345,0.26140368967529537
0.1683722538995739,0.47994461497233004,-0.8571640653021242
0.8072240665296508,0.32548563712576406,-2.1442903512891918
-0.525314449195905,-0.34138585508878166,-1.145002864485651
1.6266215709060434,0.06747837859523745,-1.4132733221414506
1.033941589760185,-0.31834855815626223,-0.38187842153718343
1.0975384819157075,1.0500563681458068,-0.21522570643861755
2.187729768557687,1.433050846609095,-0.8150523980314966
3.3037205500273075,1.0435199365746453,-1.2426507029879839
3.3047733262440753,2.599537553485767,-0.6543506152135525
1.1487364027464413,1.1273938192892217,0.3875564199109235
1.8522248564037347,1.1341842405081843,0.29550141842723154
2.424124198506295,0.25425564720257,1.178670047580523
0.9239993009018688,0.5581507816121781,0.47577245899981
0.4061474677981235,-0.09831112665612085,1.5827402606805996
-0.5298523042094734,-0.7893878158767689,2.912363696185409
0.7129214125495947,-2.7798076066314206,0.8909231088823009
-1.4555286312872568,-2.3405944967309655,-2.6930531117928895
-0.8647538933375708,-2.3122390675267943,-1.2866212991000063
-2.05749820555131,-1.0732076805913573,-1.0582269276703304
0.4732038624129409,0.8747530214499463,0.2562321391751178
-0.09001184945474217,2.4227569059852665,-1.4249192082522617
-1.4485645542910337,1.1275953531035685,1.5415785047949884
-0.9266211840156044,0.3805524333425023,-0.671121103714315
0.4826189932625762,1.143452471000605,0.45351464954275245
-0.3879111762160743,-0.13498053287270317,-1.0663649256335943
-0.11008308634710351,-1.1478975957148534,-1.7105989680660858
-0.4787322600842277,-1.0631049730416429,-1.393278012854998
0.22707846679814744,-0.4525046843705422,-0.9847950369386167
0.29655216171055576,-1.2177793832899033,-0.3871188945596304
0.29887857369991166,-2.111936551002432,0.8021343070905468
-0.7319944183770397,-0.9656584762947811,1.5654788940805437
0.5596795485253495,-0.44849584957855504,0.42024044415820333
1.227351682838242,0.45044705301934235,-0.4082447979650283
-0.1812178055825694,-1.847131655186327,-0.05009055729892675
-0.17330664780968336,0.2126255470493783,0.3340098148309032
1.2475758702678486,-0.5910514543914815,1.3051552383830698
0.09487155602926911,0.48207033459653137,-0.8061807733391586
0.2825710773808231,-1.7436527741476442,-0.670227872611334
0.5816395325683251,-1.3927949383049179,-1.3855515650616343
1.1369382355800963,-0.7998602589993824,-1.1823464295614887
0.6103650389443247,2.2367390124458972,0.5623296350007995
1.4677561876600027,1.5539158252153127,0.4476500900775468
-1.662204194500415,0.09797756614452424,-0.2567493681637011
-2.7059941612977405,-1.1084270071431714,-2.1092111550044845
-1.3913209163462428,0.26455246727723036,0.052168941122086476
-0.28087599609388025,-0.8311201075599538,-1.9059806879589163
-1.897306697448442,-1.6845426310344753,-1.8418500420151327
-1.1084018467158077,-1.856435533644206,-0.5819491273393049
-0.7864744261573766,-0.9176720550810774,0.8492759890015523
-1.5734689472790584,-0.04013144924817036,0.41066476602470287
-1.1202207546092242,0.8651905962418748,1.0843465375693588
-1.5066011732930402,0.2504347142630135,0.8233849513687445
-1.0263073346691045,0.710238689419305,0.6928844935946477
1.3194075730214603,-1.175159791220135,0.22400625704992636
-0.24879872500146094,0.01652755982897658,-1.5051687615205813
0.2219133477241561,-0.621784651433853,-1.4867462468813049
-1.3355415296786093,-0.7759682719179326,0.3411274068502732
-0.6929594483687841,0.23969628191550818,1.8352055253914117
-0.08272413936181638,-0.43895143110458634,1.3848549778784958
-0.5856582159952001,-0.7238983988494626,-0.8274653106797369
0.6334283830867922,-0.7479517750741707,-0.23163440952400643
-0.7192477370632434,0.06197174217838708,-0.8777584428970872
-0.501332590233446,0.9088119023283194,0.3518800907839857
-0.27269636763366345,-1.3137250815425587,3.1687506154526344
1.6095107864563043,0.06581228411701912,0.8311715261353464
0.6911632315261875,-0.5105142877180073,1.6794417021640613
0.6080845066149276,-1.0394210022188366,0.36896575195724873
1.4252303958773684,1.08038734571106,1.7128144394648699
1.4696472629926616,0.2875688040528932,-2.3851066055966856
1.0319836553045523,0.1419556431823462,-1.0525712064769883
0.5698891746854825,-1.2552843403579839,0.031122953612691462
0.9171609013745916,0.05469661188066721,0.9621384803797324
1.062632095608919,-0.3826811055985772,0.41023239227377595
0.6224409150578364,-0.08364110369267012,1.2033338521086177
0.9548892105514091,2.035522887723618,2.8081359059389808
0.5570941878896295,-2.81889410459756,2.6409004190967567
-0.26182924504223964,-2.210930974129787,0.9220049345590116
-0.5775576693357263,-0.49319567695950084,-1.0984333118467196
-1.3664995804594646,0.09656071571766617,0.07372737448994837
-0.041708145293720356,-0.7387559210744659,-0.9414019620212659
-0.5274889064347794,-0.12950520825250786,1.0147763882619167
-2.31118163898814,-0.28548136108462047,-0.8252902468942453
-2.80783349684756,0.8242159648025064,0.13197945105221576
-0.954483232476518,1.3331338221322466,-0.41372917124002817
-0.9098791325717872,2.8522975277886977,-0.45343563987958846
0.2801925467681976,1.4325303048576639,-2.0749763500182095
-1.9045327304171695,0.13728093248892714,0.018613076660884298
-0.16397470857258112,0.9827176304684972,-0.9777396406058732
1.533885135836023,-0.4735344849521357,-0.27604542163296786
0.7565902780102748,-0.41064106279065415,1.2005694274791225
-0.32681538116082315,-1.554925787107255,0.6202801999459806
-0.5632344248669384,2.5999200255290185,0.9866475764129653
-0.6909577876520936,0.24384844357742264,-1.386964622362302
-1.37069797956348,0.23686599354784305,0.7338463404136184
0.436340152606179,0.34752782842030094,0.04375550450432453
0.4869824327152437,-0.3448740832744255,1.740241748016038
0.05430103508254189,-0.25877489988393965,-1.3457015510126493
-0.16828432898149293,0.7070966880229711,-1.7405733525448697
-0.8348624989835594,1.1462593617451502,-2.346943899790488
0.6403697580501387,0.04098579069947306,-1.5620401703864468
-0.8036935261005247,0.3985391557776197,1.6788518998361566
0.37965047641036964,-0.6650156840517262,1.9750465354095545
-0.12685430772906464,1.0419771394016961,1.79419966986914
-3.0065687193362653,-0.4830910632541794,1.8414850577699597
-1.3516270875231151,-1.2653014793349402,0.28715301339116717
-2.582050163850938,-0.7210240271938662,2.3542662327113484
-0.4860916911931433,1.8299049875914901,2.0595302061456544
0.78443349775612,2.8890311815407688,1.4070283624150535
0.20498942737117978,2.477173107392397,2.1573544183294118
-0.3774699290266191,0.5170174713561692,1.2175332415955862
0.6427639024183526,1.0565997843396462,-0.8154009793898058
2.232988018272498,-0.11286503722702734,-0.6727654865834822
0.21383964914842923,2.641896317323574,-0.09431207300377376
-0.7440552561073503,2.184871708624233,0.7219797428081463
-0.5597546516335592,1.9330425670954998,-0.4643020894267913
-0.7727956007660319,-1.043695371018313,-1.5561021289329584
1.4212330052876698,1.119580942213158,-0.7122624158175167
2.3735479498336725,0.39971598449827395,-0.5995415104766666
1.2432846233823927,0.07493639692557155,-0.5149670787985137
1.7650404188407491,0.18760385241898886,0.4549982250345477
1.9139007346977055,0.4819877218642278,-0.7427722133909647
-0.39591552161518584,0.3897744957394191,-0.5426424115204168
-0.11056633188747121,0.17883320862112334,2.3122524544063587
-1.3855094215850736,-1.900529665510563,1.4885030607227892
-1.069177265380732,-0.6341969630253304,1.3281345526453956
0.7495160624885314,-1.8243243018966036,0.10734937846553483
0.8035192901250295,-0.14169855526107522,2.247124239521153
1.357463616176382,-0.12763787351681471,0.23312636681791532
0.11444195536917201,-0.6565217597155136,0.7717968119227183
0.3142184232704165,-1.6519104506999358,-0.05000306312907382
1.034656765086629,-0.4742928703759089,0.5436430844482336
0.9002500926005775,1.389284299420905,0.5078646060484868
0.06410224842959078,-0.22111289142310808,0.5035417612339552
-2.408652890560289,-0.294845447544266,0.04593102069563365
-2.5687972988974255,-1.075688562428129,0.832623040496058
-1.0536869003737501,-0.436055947506737,0.7226590541800516
-0.4342158622379515,1.024834589104946,0.48475870879367455
-1.6753210449377263,2.142547259426883,0.612719621725683
-1.4269142532639307,-0.18212808858157703,0.7022740318208869
-0.8306291316063408,1.4830827417416201,0.005229735243615585
-1.2526953554856373,1.6373375891067385,0.9278967603386392
-0.45769631013262313,1.4950258422282776,0.4262612594270817
0.005016945942935419,1.912503803678062,0.8384489637350436
-0.16676596536115695,2.3086144477651818,-1.945630890923991
1.9686903287413564,-0.5516518710081444,-1.5999082702342915
0.9434276291756092,-0.4223066062322336,0.20645690490940893
-0.5861228040224298,0.04961351436694639,-0.4749836457650495
0.0020795773262017314,-0.03996550261440332,-0.14455617019954686
-0.5488850438012448,-0.530046701403284,0.2149944289276535
0.6692729838554219,-0.8633026848994898,-0.761270330109083
0.948096657599548,-0.4641552355074343,0.4498629689314105
-0.4317488845713736,-2.011516543177148,-0.3080725973606291
-0.9822270515507028,-1.0845466716688739,-0.7908815129507041
0.2499034255610978,-0.8304235982569532,-0.24496625770145106
0.2825862712214928,-0.22025670671628927,-0.14661223930569894
0.6518938260210599,-0.9057834871839522,1.3261118070010336
0.08940952964199478,-1.7644408814906578,0.8511292604922899
-0.8064757176264876,-0.21688590623645387,2.6351702062885227
-1.189809950371094,0.22392938010575786,-0.4379204855603662
-0.14099974574419977,-0.7737491097468107,-0.8437948612146653
-1.1717863627119278,0.34527667118133015,0.5854069268659299
-0.5625079666974563,-0.6917883697450545,1.8822264995368272
-1.0316641111033844,-2.5079264847999663,1.399502259725482
-1.620606729193209,-0.2653544489008084,0.31861343318932217
-0.20659012405240829,1.2688231221017539,-1.0495521480260608
-0.6692321929186096,0.5587404883938135,1.012775245021313
-0.9929988143997502,-0.31513345175210045,0.9845281980664649
-1.073728132910446,-0.005040842978433657,-1.0592733219348944
1.6774658761013734,-1.35022965179862,-0.8513893649576556
0.8062519022085921,1.2375733084574856,-1.7505404634115678
2.386830086583047,1.3759634753307655,-0.4581749072825377
0.20878135627356786,1.2591229797034564,-0.9525740760610688
1.371051931335196,-0.3415005392560049,-0.5894455324866184
0.1302528776544266,-1.1582732320549969,0.4465970506646051
0.6005851862368468,0.6298735828734987,-1.5565765828758649
1.3644632954594673,2.820385696793643,-1.2299293806148794
2.5773802598387032,1.147031576336995,-1.9873744278687466
0.9830576875125561,1.6217197558437735,-1.8318636962659047
-0.10880981525020905,1.4043993102150776,-0.9128717313943795
0.5302180448616363,0.9400291958658746,0.023189453854383202
-0.16719216337872295,0.7017455399633299,-0.9157782787687421
1.204837540814027,-0.2834019468356488,0.6709583481650184
0.36881180942414815,0.060298037339496846,-0.15948537680819147
-0.831589526455955,-1.714611368935553,-1.1350668469965552
-0.739703616443899,-0.6454265056388926,0.44284588978498585
-0.8156092680187984,-1.2046740170866204,-1.2212918411102196
0.0722589838947047,0.780857506786033,0.6556843474011789
0.7460622400945898,1.0289720706606156,2.02546595340993
0.7051125814641054,1.1606157113544793,0.691949114852966
-1.0094870801227047,-0.10354104482233661,0.3368155188918277
-0.4439581675600495,1.8745153324442247,0.24968492703698256
0.9568643602456192,0.5021804246457964,-0.18683342224674288
-0.8505754571006388,-0.4912378005536736,0.43356468024038164
-0.4177275481561861,0.6973197196203968,0.3980362884652411
-0.5613175057158348,2.4969567235971573,0.10511457551957333
0.8823422168473867,0.8472691552539009,0.7621567671433531
1.3691867675753802,0.6321265482025311,-1.9734045391249255
0.7028458446438031,1.5465233218612409,-0.45922143653473235
0.7972617975511481,-0.9489952730268987,-0.9500657889424251
0.8099885299270131,-0.06411435972655727,0.7396338856616902
0.2601275098174122,0.3737669068105356,0.3861911847621388
-0.8568789815928508,-2.0689078776894796,0.6241052845111461
-0.25449228238361404,-1.6526289809449088,-1.3071204142602917
0.502493373216931,-1.0922345646680065,-0.09668548476200023
2.1152952170202237,-2.687548162653708,-0.747943551083364
0.8482719951981986,0.11105209281979667,-2.010374794748167
2.359997023279704,0.19138194797618882,-1.1011880591079417
0.9819387484209455,-0.3405720581919344,0.49752272971518385
-0.577551379871966,0.1751281525478864,-0.1354203008493836
-1.050909138450081,2.673539251957839,0.35134058432876825
0.08781097543610328,2.4745464066475815,-1.2456796531541632
1.7961973968400833,-1.271683975171285,-1.3916062366156021
0.4390670252411413,-0.05411862261513656,-0.47708485216631336
0.05271877192217739,-0.039056655935292145,-1.2165654496057248
-1.4708730085230846,0.7069832943684142,0.08542338773332292
0.8490578708955163,-0.4365254496310008,0.735526904167584
0.1408222070830264,0.9722122603779817,1.3897262287619336
0.2816205027659699,0.14657597352300428,1.6557952929892283
0.7877147746395505,-0.6111524153246801,-0.49990102698481675
0.10532448663797905,1.209837607685869,0.8965366452406299
-1.059665226351591,-0.5628386120569866,1.7229521722998014
-1.6654685179336246,0.22787601761351473,0.24540487081357687
0.7843106655548702,-0.6564867903311216,1.2660639656126167
0.5770139868377997,-0.076048540931274,-1.3372765985450932
-1.9144063597868186,-0.25859021073295096,-0.4217322358559349
-2.0824010076311326,-1.2179885158428176,0.35060651189816555
-0.4783460233584357,-0.7467353183093359,0.9555049771351578
-1.4133753073993645,-0.7293025762416387,2.1256300943512523
-0.6383655237598643,-0.23833877353381935,3.368761633143366
-1.718524927728703,0.6772609798752007,3.3483670963797825
-1.1841203903628976,1.1982612767924463,0.6921640509789865
-1.2787925907488003,0.9840970544438574,1.1446486986000834
0.4815402170318457,2.0616771141614216,0.5048777907448596
1.4343818636885106,0.6885337136315619,1.1545302069606977
0.9246797296964371,0.7899447638977048,1.0007729775023864
-1.1423651449495935,-0.7291494769119209,0.6029279285687156
-2.2584616521159653,0.46663636474379533,1.1730199305724998
-0.8020602731801925,-0.8878158303860244,1.9666489041547646
1.6361805031282617,-0.29683108774703826,1.4938598305286186
1.0198289063601749,0.3819536451252798,0.6273711586379133
0.4753502133362841,1.0966944230600053,2.6593097412153974
-1.1623961277335968,0.4445347271270358,0.14919438537561658
1.010826834709285,-0.3654706057563805,-1.3686036010979858
1.143600416203216,1.561575811864921,-0.020703931988230173
0.7765980853835254,1.1899288287084546,1.4044886968314396
-0.4859002273223872,0.4831173102679143,0.24955419990618616
-1.4108154209529038,-0.08681660428284524,1.2324981959355417
-0.1388055620837264,0.6009021979667778,0.7627247096210891
0.4539210016867254,-0.5001392433647165,0.07185246888331526
0.41896473781203947,0.027446237199531986,0.3561140893635306
0.07114708688964172,-0.363700282530564,3.3358283277260634
0.9423608163772196,0.2312973346873404,1.4347056656566377
0.019961581244733517,-0.0151519263832854,1.0101816764150022
-1.8704547534407143,-1.5769655585663265,-0.13179155073145643
-0.7280879399417887,-1.0277559264350147,1.412225450733756
-1.8464407569666632,-1.2652234328208776,2.226204466357979
-0.7921010538081847,0.2522308663907197,3.164349176448453
-1.089854944805915,0.02680109540332777,1.309747687293355
-2.499520476886233,-0.2969962560543052,1.5359360310273429
-0.7091706966308757,0.47058504136085755,0.39245903487417194
-1.0106825843210792,1.5045481925790494,-0.3010876289205836
-0.21125925336732548,0.9156087769670631,1.3111732017968265
0.865782730988697,-0.8374542321835893,-0.5319665658766268
1.0118011835634828,-0.48306476347096117,-0.7211550668920773
1.5215284757762122,-0.05407299964656975,-0.3081201465565947
1.5405928786431557,-0.40214549476684935,1.4144589121942568
-0.017751183911430157,0.45585631895866346,2.1410622947569733
-1.3861710812278152,-0.11540701637311748,2.2127385402640445
0.46415900711711755,-0.22919910857479803,0.3716981764551628
1.188015325889321,1.0689495482942057,-0.9788142602848133
-0.6099059860217197,0.7597314561307025,0.13995350328648515
-0.6040220782409146,1.0591595480477005,-0.6401598551941395
-2.416704638194193,0.1056787016912542,-0.2568477810839686
-1.4841922789935529,-1.105763912813858,-1.9440728664208018
-1.2561849438646742,0.3447738152428145,0.28416100620328144
0.559620912206118,-0.6435226275271457,-1.0116258205287232
0.7764450710829544,0.3133386978343524,-0.10564330506386416
-1.625840738696286,-0.7102152359662904,-0.0825104428179105
-0.3257021747177159,0.41219974461934156,0.10299830087308494
0.16793271917937835,0.29096533067077496,0.7371185246550255
0.3968320110806002,0.21122032538267485,0.10019046319013197
0.2797074305827812,0.5902015415306122,0.31757062049312723
0.5206801336366443,1.6378226321164915,0.423949232993151
-0.3886584536548355,1.702518102052415,-1.1542237211723423
-1.2757426075667049,1.1871063157462767,-0.060715192799592366
-1.8829225272873473,0.21073567688638833,-0.6364414286194549
-1.4281375865252703,1.04896561471614,0.3882847492375253
-0.7331909731163426,-0.0214791197568579,-1.1555072956013779
1.0535894522237774,0.5813743404064895,-1.2844227518738294
1.2463942237367802,0.22046354962861908,-0.9293208807992576
1.0584086401579924,-0.6312664750984154,-0.8084169599097388
0.6506653842785421,-0.8150844304344211,0.2648767303126546
2.1943991958175317,-1.1618403478243533,-1.5326869311477171
-0.9045405695674957,-0.7313883154071589,-1.4295080557000412
-0.24440978371666766,-0.23309648567747865,-2.317970874464117
-1.9370887213397399,0.17938499750735593,-1.0235566025121015
-1.3943623590364211,-1.5674510863786266,-0.04038703849105996
0.5747183659057329,-0.505743102970391,-0.8676674098105945
0.33191134852401777,-1.6189856324188805,0.6241270089334953
0.2478000087915477,-2.577649727962672,0.011389144023065012
0.5872015146300047,-1.6218724849568584,-0.2702011494286414
-0.9308014497322694,-0.2443952553967731,-0.7835697747334581
-2.621846101871167,-0.4934549983687804,0.5893648282036239
-1.697852497535531,1.49125748593913,0.723650362650329
-0.5101680864873994,0.6172304770519562,0.2935389735608739
-0.5185076783632037,0.006345846443451653,0.6776366488475858
-1.1950850689721673,-1.0727209055025337,-0.7843767264515847
1.4481120131910705,-0.0060175510806869115,-0.08769616154564758
-0.33345866369789623,0.620333525134485,-0.16041942722615268
0.047439609282802137,-0.6664535532963135,0.08005914380450037
-0.4001137335650821,-1.0988379336783445,0.7741359077094989
-1.7377646753125435,0.015357297474978382,1.0715540874077458
-1.7485260132075124,-0.8126498123949781,0.3127513624374707
-0.5922267961415357,-0.5591798980117145,0.5899381414106146
1.4668662544666313,-0.7873067181555711,-1.4202108999981133
1.5593567102639687,1.289661216849744,-0.3173370869479323
-0.3080703202216837,0.5209382451896711,-1.2771920276855984
0.48882033385210577,-1.090821280103599,-0.9387248006709992
-0.7599276593678536,-0.41858595491683764,-0.8357040774732573
-0.20320172643366294,-0.18694242249205317,-1.404511066460739
0.5252762003121904,-0.14223686308914188,-1.6907845410962699
2.503564656361888,0.4053117351725538,-0.9986528239474404
2.6669868548827673,2.044471476972884,-0.6446758342876053
1.6808909138761452,0.03423292048350113,-0.4695306679118142
0.6413829031782028,0.20194349386340457,0.09799514468110326
0.8805199004171613,0.3386144032316614,-1.161745054288613
-0.4982071555325043,-0.3771004178478423,-0.8631131190675354
0.8016707127058617,-1.3514891957768342,-0.7889716077044676
1.3538448545669806,-0.9756220723850293,0.06592984599059026
0.5373803843555868,-0.2310277788677918,-0.19550762081424541
0.9357556649061474,-1.660570296840331,-0.46106581879566777
0.7644505091473819,-0.2965899004139726,1.2624197133559938
-0.008799412291885467,1.3311868116538865,-0.027813969981673736
1.3242467053987013,1.4830605325253157,-0.9273655646230596
0.9691625899511724,0.6902944307304663,0.16190181136347037
0.26130970654227675,0.03790098970350164,1.4500454884445866
0.031933958815465416,0.8453728190435171,0.49967125917809346
1.682630238635256,-0.2556482198137348,-0.364307901658138
2.365832300433531,-0.5727705008021202,1.4189203553353236
2.074756729811578,-0.44103495696189354,-1.1038332943494966
1.0180600606339534,-0.1188874249475221,0.6153010861296246
2.0974772065570884,-0.7444308916175086,1.108832307052995
1.8141407592918937,0.7011972566016909,1.0531060656620421
-1.0354273113158232,0.19517619577308573,-0.6291545420858942
-0.7203194285759855,1.0775923340204367,-0.009426435167974423
0.78793115210944,0.8805500877237578,-1.3030391572528899
-2.1268814305180146,0.5890838055414692,-0.8654460449776104
-2.040386454640889,-1.4060853468806433,-1.1674662359615144
-1.2146847121852207,-0.037164849733931526,-0.39510203641277714
1.0007248910801188,-1.05418648091236,0.6835078738510448
0.5476611886687873,0.1675758836624046,-0.09476092634002115
1.3455109682249835,0.37901270017644517,-0.7268254480877602
0.6607314551993037,-0.050049508848876434,0.1257656265939136
-0.8494110217748567,-0.05437645654013279,0.45819006594628797
-0.3916822036943951,1.3197530161189295,1.0031178070441964
-0.20332189858794417,0.8765656055571379,0.7972244550040978
0.30163865487285196,-1.387375192886039,0.09708593173270186
-1.3336197407569998,0.584593351016467,-0.012306554136576803
-0.8601508200581227,1.1890940075414687,0.4161715203815863
-1.5587099244082685,0.5236416412433655,-0.1270812130355917
-2.5238878508101883,-0.4284554126155219,-0.24708092853426145
-1.3768948568969368,-1.6964591299850695,1.0281251187803448
-0.7905504873399073,-0.8106764883319718,0.9147041977300091
-1.1833514975736248,0.05101772896671036,0.09027745284682154
-1.4882612894340042,0.5989563578387542,1.5368125852252184
-0.019301271231170314,1.2224557440598076,0.2477756860503102
-1.6072703647840416,2.101365394129745,2.178402732429915
0.7391715913776612,0.7148967580851229,-0.06543297251388669
-0.6960969021307359,-1.326284188571487,-0.1400951046669887
1.2576295070170866,-0.8048047261579867,0.23227534801478017
2.0044117178127516,-0.806497674911393,2.151669130726985
2.994300266403829,-0.5343601761361791,0.4983003013442796
2.1943881795922278,-0.6147050305869477,-0.9074050663951965
2.3784327433190944,0.9090948719836062,-0.2981909294340374
-0.07364838206863067,-0.774978815225583,-0.04186617629786596
-0.5366952255393476,-0.7285823397543996,1.00103006691107
0.4648317046528839,1.0138515106204131,-0.49010818992172256
-0.11077571636027,1.2659074507703192,0.20302424605203045
1.4769925244074869,1.0534904312892288,1.9496212271315676
1.2785140639268842,1.5889126632332746,0.6512956667813267
0.6535442438474311,1.7054007354561123,1.9386260039837178
1.0560090712344685,0.7695285957934367,2.3466480315202007
-1.6639741206626475,-1.0374702036101555,1.8549582394284894
-0.8178787040781988,0.08677854931908746,0.9918866421461867
0.16200634256477325,-0.7710135463336469,1.0664294071527842
1.0754176994899711,0.8350438307644091,2.546768998225092
0.7818072932473719,0.6914330022293832,-0.24978796506130174
-0.14050775451473907,0.15263442710807895,0.9254255697457042
-0.6812550013469987,0.8726572333028719,0.46109106790947196
-0.5177956157882613,0.6852225857846922,-0.1606108382981063
-0.6879350559867962,-1.3621746128977683,-0.32825962647694273
-0.8239356741421247,-1.1970682957979637,0.252743249351569
