X,Y,Z
0.1589557631507062,0.24238858039950117,0.38270211512579766
0.06039039901057763,0.45132446386470976,0.2509696784548401
0.3273787559554171,0.2536403371127708,0.2834086145513003
0.3937207175391333,0.7739882973651568,0.2597184295655453
0.4108460847598681,0.31276525968783964,0.48724282434400157
0.370670323863995,0.5778921712017632,0.1434502936056764
0.2516714213078518,0.5481651473671325,0.4404934580521316
0.4207099379088083,0.293306889338779,0.32072245820476175
0.137791227601717,0.4188910769120314,0.1627665514118021
0.38008367389289865,0.2394441438310189,0.5157750788452768
0.5578483806032827,0.7610657509685796,0.23414866152011762
0.45821073622312114,0.4793449152515851,0.4132059835654124
0.6318805575904747,0.5065363356924957,0.39028947073102677
0.380687084680697,0.4175527159352943,0.27626043330752986
0.5088256301375592,0.40136292226693876,0.38831976594365414
0.46412443232888695,0.5212261285864872,0.5216380722357585
0.7157725624647986,0.4136987811794158,0.46752063651973585
0.7045654979652283,0.5021975344194705,0.4380091224148631
0.2596837251335661,0.6998539599028605,0.5489451044523145
0.5808174416410582,0.31598871235519504,0.6341885977751764
0.6438870555917744,1.6483873286136255,0.4329874935497011
0.5214174286589137,1.0502929816732622,1.085795211526707
0.8971555840947347,1.2541371722838108,0.9287971634593325
0.7622571049050333,0.7067441452329827,0.9450171254233419
1.0457821345419074,1.0077641621046325,0.6554421021530266
0.5966444868207004,0.6624582267439524,0.9036603793311051
0.8956519926798652,0.8273448923429876,0.5881020240166688
0.4819682155182867,0.7717223297855088,0.5917060852865821
0.6158214724881665,0.7111943960667417,0.644866450498931
0.7463242007232233,1.1700412386860726,0.7685990688606967
0.6338450188128691,0.8262517435652438,0.771449538086971
0.7023744106364062,0.7126482459851178,0.8229629186798395
0.8378502375253238,0.6745321774297575,0.4758644444937502
0.5885464516614688,0.9553953982359591,0.7069362458376408
0.6758101528207479,0.6888502201760227,0.9119438638505938
0.9060896642271444,0.6839995501283456,0.5186502541217091
0.5925205863758891,0.9019219310211486,0.5873692899524162
0.7072620274400641,0.6787148751884509,0.7317429496076682
0.8403436601867852,0.6981602614688975,0.6559872746591455
0.9500834609078012,0.6945212999161521,0.6705178799100924
0.8095491393522561,0.8546243722329658,0.826603938557964
1.0200707883738525,0.8451763550341349,0.6263034610608109
0.7255769025524302,0.8491319959885407,0.5298119212924071
1.0148492256920967,0.8317710369719801,0.6820745275005655
0.6018932917596287,0.8040825497607038,0.9338320552279891
0.9188266545852009,1.037880544313309,0.5396777429324852
0.5654640580407649,0.9414516988664869,0.719161912115515
0.7373069656543307,0.5867906421170195,0.9288389324225832
0.8568086138287689,0.6351396859745768,0.49197550261698464
0.4853570326354939,0.7911645653422144,0.7699799475732793
0.6800601837804063,0.6356271941031251,0.7633464073748164
0.5486881292422436,0.7684102455675973,0.4896052840718621
0.6186815750233385,0.5193013239829295,0.8586752492975149
0.7288602790711952,0.6850122977581281,0.49303898069474833
0.47281346576379946,0.6879658845406253,0.6394507713074264
0.5416735500686418,0.9111732724015379,0.503556625091712
0.4821173432323662,0.5532588470265006,0.784568724812939
0.8747517317625385,0.4261795795761817,0.4809056319986137
0.31713388602246617,0.9229672326354273,0.3929444571768007
0.7588350941575129,0.6301887776820385,0.9772397659021831
0.7450683456315655,0.8124196917234711,0.4216923676142348
0.5688036051832601,0.5214073490592263,0.800120375884817
0.6945305275478233,0.7500083919149221,0.5328489752118275
0.5117160642992945,0.5939786366579591,0.5440433409413357
0.5192653202222095,0.5574607782354661,0.5186346307398254
0.3263174849951347,0.6008733585785918,0.5947297462946245
0.7333106467834513,0.6448306981995868,0.4814755034088416
0.49358723973367236,0.6656112238905515,0.42037537340641334
0.6550375199489806,0.6551732860239289,0.4966618104406963
0.5563649911394445,0.5304733245340533,0.56145921708653
0.27700339538074537,0.4466542404602099,0.5493224601938715
0.5556968894566209,0.30925694583702257,0.28348008392947477
0.5294276564657977,0.565300838921075,0.31398223617539933
0.33725509833458334,0.5514394700027943,0.6898769505325584
0.6765908496707447,0.634236847547884,0.3277539231942413
0.35714259985369945,0.7185647683394328,0.6039212236430465
0.6153249984645022,0.42237289985901233,0.7916357188312886
0.7247238298428141,0.48928471897790293,0.3201347026794894
0.654543483929565,0.5036903969831269,0.2995242762276602
0.4995726865396739,0.39481154739744084,0.516291544550715
0.5424065655452441,0.5026649195194266,0.43957575409241684
0.4100263673580268,0.7370479761288875,0.36967558834475633
0.6330465994188892,0.5559553866032536,0.6796966066607825
0.45161476452945404,0.6730618865098492,0.2719716518179673
0.45203247440228583,0.421454626338619,0.34201154019491903
0.5601328066385479,0.32895187357770084,0.4791078559607476
0.4223225324234262,0.4822129451456537,0.09972252609953766
0.21989794789911288,0.40353231331857364,0.5356711343961635
0.5137629825103209,0.4314243052547089,0.35380373323690173
0.46140376769917885,0.9369663106575329,0.3704997098624271
0.317511657338784,0.46025679963740973,0.7678903432909256
0.5796290482171655,0.5755882475747772,0.6061903917726872
0.41422930992636087,0.6972510192672642,0.6436362880197741
0.601433005063817,0.6720580893048087,0.6044312360854402
0.30816053673560967,0.6006145767091403,0.719469964249222
0.42140559355086304,0.5074709646128902,0.5495702427243413
0.3251776183823928,0.5259630948825458,0.45994657209516043
0.3451518331720719,0.4824188312763069,0.5766602827375864
0.507978679472141,0.35670909419094554,0.3711784645432869
0.3100465411390556,0.4830462738936542,0.38701622251875023
0.11432647286747147,0.40782340083573865,0.5376265740565193
0.39378772065361634,0.43209878469582796,0.3475744456079455
0.00918356692708322,0.4768688312905366,0.2261284536075916
0.38468192967739623,0.24252610712372744,0.5061617348340648
0.25801589379189205,0.15222873586521984,0.017086519804778266
0.10903944440949351,0.3466776647987878,-0.09056271668308367
0.17586075629249015,0.04764287399121714,0.29879781187023813
0.11543366343164822,0.21611969429016356,0.0659666826188846
-0.012980948642710863,0.15096331183008804,0.3811349577606316
0.5365627254708982,0.04524719861993165,0.45096385060485356
0.7674325696726991,0.5471843534253092,0.14796740414016984
0.15075752841720003,0.5329251884208459,0.31079112878956816
0.4610713220047885,0.501699400046751,0.3562737328412271
0.3106620018283176,0.3314483753683787,0.4548374623621885
0.4730900809344898,0.46929304050601056,0.2687500752581997
0.36098400838186884,0.7453902747120558,0.4240141488164834
0.5772650303537952,0.4762878035350004,0.6159141723770776
0.6801960618696146,0.6473459516057123,0.6257599625408714
0.8744017543604682,0.7592107176731402,0.395866158776808
0.40508386409354213,0.8728769780616201,0.6667303845451364
0.6043895895787862,0.49069251203368125,0.607799546734478
0.4596891753236037,0.5218288142071377,0.550981730106619
0.5199920471800298,0.35762939896078555,0.4076564516188337
0.5273213283690413,0.5267306911284682,0.4886426413343121
0.6678747358249582,0.2496683330668193,0.4105498459473813
0.492979224338987,0.4094962480941051,0.4400488545384382
0.5827833702090257,0.3765168646424424,0.6040193470262336
0.5256477916154771,0.5972520395010871,0.3276791814047351
0.27267748674774395,0.561797506270233,0.41975733637959256
0.24985299620511775,0.3660379536405687,0.5459342540954852
0.46650226780152937,0.3809164625038657,0.40682321003721367
0.32294541901874535,0.325102653580471,0.28740800936150634
0.7061995552772791,0.4232903957740183,0.167379853362491
0.19976248107531439,0.575053715712979,0.24621504614078837
0.41021705459628405,0.20436653360737483,0.5175631170691996
0.36265112831597524,0.5833698781214617,0.22481213024990654
0.10744087496999608,0.12455474210312256,0.33407998828298446
0.44430811398575637,0.06065776085108493,0.1655261580520117
0.19980398354840184,0.43208217437936014,0.2087172467639344
0.16628172688920106,0.4875985592247837,0.23153686815348912
0.3935102330322051,0.35057793821951827,0.32371781117898724
0.23215049490436163,0.34238716508600747,0.2723101364933329
0.2786267400958564,0.349517661213504,0.20024503993765547
0.28305689172799425,0.434090573944783,0.4147392189481178
0.5768847545708444,0.32087736980351517,0.438537050725185
0.6866514400528869,0.5975286739917578,0.3195277033263681
0.5530507972627225,0.6380409031059091,0.32801494554552174
0.2776764896343919,0.35672614836052563,0.41675981189705563
0.488155312462282,0.446219493712047,0.3425961451295298
0.18695181924306375,0.3120489498835312,0.3739642907709809
0.33121404155899803,0.20975646466929246,0.23086211508209947
0.32984134874236937,0.32148704949671947,0.31430154684074174
0.4470542155116441,0.500625406601787,0.33672323700523604
0.2808336717862701,0.2741832292156028,0.29723092230692827
0.3266579123196881,0.39104448081124626,0.24061855969857016
0.3286569480460533,0.6558639268424712,0.25620519865809416
0.3438398239827344,0.2527430435532719,0.08868721545264191
0.23376661082067818,0.2598299002125066,0.1510462005031775
0.3148991728793412,0.46443640523449814,0.3552398134376318
0.3128627356956518,0.4674646146881767,0.4314630868074074
0.3529221688349524,0.5205759168695834,0.2099902764005534
0.36399370725691166,0.14938286256694208,0.276228427933597
0.2851412069728798,0.6105777740585152,-0.05855507204094301
0.023980494740492048,0.489764985716058,0.4303642878376774
0.3561127701002119,0.0650365840696131,0.30816007819443525
0.4124539810855644,0.38421168830460667,0.09771718386603348
0.6708086503190818,0.19440555009726102,0.5410680832409027
0.48163294097998904,0.9107333844485506,0.17047224668506933
0.41564036551018557,0.2015710925212699,0.484630128859905
0.560355307157486,0.3693617063811515,0.11151551300557644
0.14510240544107245,0.3732296350544192,0.2890766346007726
0.449109206087407,0.1284534241848524,0.4039452995231432
0.3103943051584761,0.36903234266997664,0.03203516148391228
0.22404479254120396,0.5779441645360626,0.24798840130778
0.3780327102998677,0.7193915392944548,0.40577908936759527
0.18457565764726308,0.7218846355080062,0.38022972062998794
0.40325316214501683,0.22364643632189574,0.40158273709039355
0.3032126091022565,0.4518305962896,0.254567775784699
0.45148460539474844,0.3719591713006466,0.46260031881846186
0.4796514247106157,0.3381549582893132,0.1738855227677526
0.1664263708164671,0.5309390229823995,0.1189611240491869
0.13592142230080803,0.13979673220155286,0.21590271927118102
0.27153758578150455,0.22905352834654624,0.07270962670032766
0.23654250565270696,0.10510937879063506,0.18797376213603711
0.24557552172104846,0.19554210293664903,0.16836983180198256
0.31684872265030356,0.1554952811189133,0.09453170214787514
0.3794852403472726,0.5046181992868024,0.25828599413700126
0.2782361120980448,0.40379231120919523,0.26628257039280523
0.2557939859197474,0.30124871207953385,0.2955862581121065
0.31653286433246564,0.31718935281998567,0.1942053310476503
0.20808323077670157,0.16955514163091723,0.2875434545905477
0.5724919486988373,0.3591721298526476,0.14135788959441042
0.36684885147449875,0.25934723314896513,0.025805866350014445
0.3663764676731962,0.3675840975293341,0.16742675217066463
0.09024855370813961,0.46371500082309,0.23995533657568424
0.2988052791968352,0.18937395090317194,0.30976623603647363
0.2666288441937862,0.20882033733530136,0.30271329545902903
0.45892113568913806,0.35486699010852246,0.25327203776367463
0.14538348149994337,0.23767803872568918,0.24844995813464843
0.2906430617781949,0.3237706520636033,0.3097276116396551
0.37554456447589063,0.383521314370821,0.11185931395502015
0.2917181149012831,0.567632672861077,0.19553296363871525
0.44700487788614546,0.6781344624026845,0.5362583754837924
0.6128160071211934,0.42057573872160986,0.4631098919111051
0.4310719307987348,0.6506855839215239,0.25523459982805047
0.3787782136300632,0.6510717113041609,0.3530937192230133
0.3985259402045418,0.6575263115592398,0.3882041263199903
0.44937068659450496,0.3714885642071787,0.6430523814966157
0.5436372467719719,0.5228604787284545,0.19338491737562363
0.2995859303799382,0.4746112090111878,0.49599750803679504
0.4082984475652136,0.21381902914015843,0.5985474273012114
0.5246536814841782,0.4510562345722416,0.2662750392084176
0.2976111326540437,0.5354070311581944,0.27463264702831214
0.2042833813363418,0.33722108625202685,0.6497230598972478
0.68913304120325,0.5080531313339016,0.1794444657877627
-0.019898869228982624,0.29735751905248714,0.3233325135818821
0.44904650721133044,0.230243596194045,0.34826288957160306
0.2523057981028062,0.2831431308909901,0.12621769661688992
0.2093555361773609,0.2797803919144425,0.3283430893890387
0.16169128027241517,0.22936376010375592,0.3048281045624647
0.11432616481102709,0.10698814051439501,0.10550282595496402
0.037376775911261664,0.3585751702999699,0.22111249136327343
0.1535386449740303,0.0805035124961712,0.3000108650326715
0.18648356591593368,0.057291237745107734,0.1847272764123421
0.25460354102652233,0.323795854972898,0.25045838900032424
0.21632605911542563,0.41530569309153026,0.08339554045619905
0.11254839003300748,0.11645319313664895,0.41401277653358076
0.3529350628060688,0.419307692826249,0.06659705753179757
-0.007081498608008455,0.2879446687761532,0.2160148413746283
0.056335833475235575,0.01507150065621525,0.27513786843082305
0.32300409571593763,0.14473759963444174,-0.01365054885822567
-0.11829487306905503,0.3497360280711566,0.16124751292630096
0.010252869529007586,-0.06740117382650734,0.38172562958047035
0.6094300214442838,0.07660955732441017,-0.0230968699035752
-0.08777880724358604,0.42531229309267954,0.16808489860770373
0.25959960098356166,0.06741729270102002,0.18277590260568732
-0.036454224645489114,0.3880504398957916,0.11482062303299131
0.2337537979243861,-0.06868533832441473,0.16378755479406218
0.3007569633163566,0.44345434837965747,-0.213296775674777
-0.09331076433160194,0.2254832932117433,0.4950726992579947
0.5739910321849053,0.47611008557878876,0.34421108691488966
0.15734440427808344,0.43918548093991755,0.4060559138836206
0.3486582651381443,0.3167510550941477,0.21447603610922011
0.13659198090677763,0.46152938531231,0.33813929967765816
0.6765674315090294,0.16673522179530306,0.23777491406267012
0.4065600452311178,0.5577950009195307,0.18384269613855903
0.5292703260664554,0.5138697736841473,0.6489739591342549
0.7257628483152601,0.5131429399439895,0.5822037153443725
0.598797333525218,0.7441244677771696,0.5573268171344947
0.7618518311628503,0.5893111828581485,0.9251810109490662
0.7244330547322806,0.7661685778615897,0.4757731134783277
0.4076166997878826,0.5460844552606755,0.5922872192194034
0.5706717602616338,0.38461321337205134,0.6728644181782737
0.4205825084715158,0.5174655861134478,0.36766106416538763
0.5510090540043681,0.6390394318442363,0.4135950656376593
0.5478307638507631,0.4328235393989202,0.6595231107725218
0.7332835977167524,0.43547884681077315,0.33334535423359696
0.24163521111935288,0.7338628181723895,0.5071697604965997
0.5461111339912448,0.27384814847269573,0.42147231556612674
0.2735855192234473,0.6125647243862483,0.021781244918624196
0.380551612135299,0.1289047283941943,0.48974317079643376
0.7989967153141208,0.6178433719763561,0.15459523991496515
0.20699838619605965,0.41323441822523976,0.2178972991250664
0.5049243628983856,0.20196293118020317,0.07615724698188452
-0.13968958611325855,0.28601769045229347,0.2552700880870702
0.45937592326321985,0.2190801847676101,0.3614168205119463
0.27126535679101677,0.33726663373870963,0.37531471754183743
0.3369785172748346,-0.03529918264896392,0.18864743706139675
0.16743657009378676,0.37842411875436743,0.22154210487856277
0.20160910489989886,0.17817993255576683,0.5432526687224226
0.35965457916405363,0.48560601847555573,0.15737878198815883
0.36747755863704007,0.23445808566678192,0.4197263399641851
0.431503965679279,0.6039192572940314,0.2369165565484631
0.3520831570016812,0.630045125102811,0.43057068441311647
0.42954866506961487,0.1797722460040957,0.3175297030791034
0.2335720098225751,0.4772546907327214,-0.08754749638178716
0.00414292925458714,0.37414293410970767,0.45690008721651737
0.15350520145550697,0.10322596176466796,0.15783657803480333
-0.06839966923804663,0.10840015067416994,-0.1112513337703801
-0.17731904548724423,0.22013361226174916,0.1377348563461736
0.16721483686661232,0.02442162482784809,0.07186726915451869
0.25609488404874625,0.13482734913583355,0.019665435243913176
0.11062037588353581,0.11209126628114106,-0.004975413926007866
0.042108466777210085,0.13137905737944067,-0.06708703662203633
0.09201704379389611,-0.05127580297264667,0.1908400100391518
0.27376065801333316,0.027037935663966964,-0.09346311885041392
0.0748415841492421,0.3659631536342314,-0.10461096978974543
0.019921139538595655,0.27780268112903816,0.2850682903475384
0.20403646213728144,0.18215014494579013,0.3652041611996176
0.3024983486331674,0.15527344783569658,0.21165116030281253
0.4203015335950896,0.36291144433131267,0.21717779484080674
0.30223746059509654,0.19517162239884966,0.207085654050128
0.4186465822874389,0.389909679522543,0.5553899944942684
0.6234889471352694,0.2502602636124261,0.3786800058144939
0.4129041179116256,0.6352395666016338,0.10166948219739728
0.5700254641562594,0.2772603914056151,0.39816932972458263
0.44404883554837,0.9454962649604557,0.053018608608334475
0.2511655639524085,0.537985630844916,0.6027675191150477
0.5725056899147654,0.40820778270543867,0.5142666859950313
0.6032861509080181,0.5943273785137239,0.3668711295877233
0.5543633403578877,0.673783695919156,0.3943133009567885
0.41437175710914076,0.5278770283063121,0.5438666755033223
0.5910243130595789,0.29915002616229447,0.3967294220925939
0.37237588083486506,0.4358373404479636,0.35310321213997037
0.44083229657008116,0.5574302826462512,0.0842902044592998
0.18098169517783275,0.6184021359806803,-0.022075766207094116
0.3666787285303439,0.3343150140612685,0.636717897995122
0.39734609653636543,0.12481764277671692,0.24678343889476007
0.4065189759981419,0.45853746401680795,0.010874040804546847
0.15325627488416263,0.42597719034898474,0.17319418189341637
0.34586246367559886,0.06266689611334485,0.26662699155789454
0.02200684623784485,0.2094855522534607,0.05966473197635273
0.32462088055635885,0.12814440106666886,0.13779205370477693
0.20760507327080413,0.5361607358574016,0.17482186155224477
0.16647820611028533,0.2482974158995556,0.4501253809795822
0.3546227169517434,0.17396681425812027,0.2301476748300235
0.3348082556089431,0.42878088567874745,0.037057059664898834
0.28668615747544524,0.37642162016408787,0.2593498306975941
0.4318168095433574,0.18357973239847164,0.05685236131096873
0.11999316756742982,0.3427782983052963,0.20314702342103075
0.23266327636533854,0.39308753627830095,0.35416763935941864
0.18267605873536027,0.4777584061718431,0.3080797773832292
0.1723818275709576,0.30016200209214694,0.4194243481657762
0.4107253812573197,0.3173970858488242,0.26033423792274085
0.45548495918809306,0.6111331770080368,0.4167201386250089
0.5163333291018243,0.6650982701373114,0.5323628515994323
0.4713509966720557,0.593825051050622,0.5527059689173474
0.48813048848946977,0.6098264160347693,0.538142081520836
0.6572688112185193,0.4683326768296022,0.5652768475852099
0.5666041913213974,0.5826430215589329,0.41900924637645526
0.3315853629410913,0.374733123192752,0.26992176259797207
0.4944954441370068,0.39166029793833956,0.16766297564675178
-0.0048154952090896375,0.5677957493008703,0.45566483260218826
0.40929962872789516,0.4303844152299303,0.3868343230464482
0.5099097402407464,0.41637822872402974,0.39109034110519203
0.3581820072744825,0.45286099308993294,0.5700571264958599
0.6460057778329665,0.7878819423425694,0.4160611615626867
0.4122233805362887,0.5606766793586769,0.45134054658600165
0.5630810144548458,0.8822717057605527,0.12737435335710176
0.18819657613264848,0.6406185435915825,1.0516375308236967
0.9217311980510071,0.4608826285413496,0.8075791376887761
0.6325683995019907,0.8116765920366841,0.32087554246034666
0.48349478073511637,0.5195567046296085,0.6911808027485391
0.6330730195524628,0.42735232464457323,0.35894022174295437
0.4934846127426806,0.5415671888508485,0.41833062740868965
0.46773893155795604,0.3810431049914715,0.6490525217830395
0.5968397341512605,0.36917815786607694,0.06971616504047815
0.13677239039472652,0.43597092020763223,0.028030417171734837
0.32189116742111745,0.15664411224352492,0.5155123014107909
0.45700488131699324,0.33942681591223434,0.18888917507616776
0.13088892014313006,0.26542594714929263,0.2557936831886155
0.20183435156451984,0.21958888261096654,0.6152605758208227
0.5319122139166848,-0.024127091558193148,0.15425399700543357
0.17034032349182315,0.4129137730851203,-0.05846176962195852
0.3193110714956015,0.14337127658982662,0.08177802248759371
0.15068933476027685,0.24661409684650526,0.18509683561858312
0.09036484249820934,0.2968173230068507,-0.03771977379604116
0.16230825470431992,0.20213371881489905,0.1127943445592694
0.20158914279896636,0.18342845029860536,0.3054834199904788
0.3041400218157343,0.19654225874080572,0.13793624595083645
0.45001868127777855,0.5107197199814926,0.13948619897791956
0.15333659803169045,0.2963468238578989,0.3971890380333941
0.35249271650581837,0.5015284749553115,0.32888583198647775
0.3558929065993651,0.2926104894847862,0.2680816432028432
0.4850781631478483,0.431451166958933,0.12781463152575218
0.18215731997889464,0.38957756985985315,0.3127257140491423
0.25260592568344653,0.032602328960372295,0.2242569597192558
0.3052223841216481,0.38089492323492535,0.1062329048314164
0.5572384151541195,0.30490390978243803,0.14220346839889528
0.43402995606028616,0.7144959686349992,0.06628426637511475
0.43136810627105565,0.41510739793416446,0.19031885873579163
0.25760849955649573,0.5023904064277109,0.18454638161775805
0.3110003344686235,0.27996748980971425,0.3914714271202931
0.3531522816201318,0.4918320323228581,0.24944599156029612
0.28688020974594847,0.3539399503947651,0.2150253644239375
0.20095381882010577,0.3533858031894255,0.27791462207029366
0.5762582640294325,0.16828148678812715,0.29764835582388727
0.41524436671058873,0.5052120807653937,0.22987752470629536
0.3186937895556549,0.36653995462826766,0.30423253259795924
0.2596380008919972,0.5123339744161128,0.1471965838568638
0.2108482730601438,0.5990405007725771,0.33134280984142805
0.41695498082971416,0.35688403652980116,0.44050323401559555
0.4507172419759309,0.3531286871300548,0.17016115658069075
0.2096997941210686,0.4749550624753732,0.1926879623635011
0.38566021957517355,0.35071604211067947,0.21689161712054683
0.2085206345130199,0.3473195719531459,0.5556438562531466
0.39955193298184066,0.34166412216394904,0.1268670176410897
0.09969558756958727,0.29934444195672916,0.14479040516189234
0.34346199396876265,0.07755363235532552,0.28868851708643206
0.3312933786596242,0.38422786169421463,0.09006837555739541
0.18003365282475325,0.2250962856220945,0.2368634002167302
0.09169725026473348,0.25534543617041366,0.1090682960506105
0.02462891927258562,0.4608339627532941,0.30318646383312026
0.16843314774335172,0.42204028378312264,0.20915190624694036
0.1304213967133334,0.22600279798426626,0.3975348035981863
0.5305994459596095,0.18916358609279066,0.343455403899419
0.0935585271941239,0.3450535859449939,0.04904544546356046
0.14432064145662019,0.03917936503775178,0.18524803525563488
0.02983006434501667,0.25673778282684934,0.011931508584071132
0.16165617096152746,0.3697642309313063,0.016585785703098627
0.4150123643116368,0.40797620346445274,0.102045978094652
0.4148888105843527,0.30924805045003173,0.4015655924477676
0.4692956923073677,0.4909726705002019,0.11919211103296709
0.021742457043839022,0.5840562841128729,0.300404274163759
0.26590331708756654,-0.018415037832135536,0.4569679055714679
0.47409027979796536,0.23477050079266498,0.22035743779393352
0.0025162933013633815,0.45993810262101986,0.18395397050093223
0.2227052395114181,-0.09669574282089011,0.36270631672434217
0.4838318862099355,0.4468636061213184,-0.30645115862344535
-0.07173606660892501,0.6081297334481317,0.14235186698654595
0.4611869605668653,0.16797979187680764,0.332887527538007
0.4022560866658865,0.6723031088021425,-0.08693856397137549
0.15019056125631225,0.31938706363265057,0.34330280731406704
0.6797090121296706,0.14807035810837757,0.43787988131650746
0.34541525182526467,0.16813922059385622,0.08805162047526018
0.2870287366323875,0.39078348395094553,0.3752683883738358
0.3834026365984471,0.3799828840207398,0.07697176893047543
0.11736506066241109,0.40470095927664873,-0.030461429403907087
0.22094947625488923,0.09847502652842383,0.36907676730115807
0.32248390735403465,0.3328059290714113,0.14716921790935253
0.1542711987054296,0.3659022995114614,0.10329079981997322
0.16674586293459032,0.5339960920579223,0.17769333599102996
0.3418367409090143,0.3829612990980288,0.224487478710572
0.37999569276400713,0.396736058446465,0.2976028134110599
0.2062961897075491,0.6521012496511195,0.23940207533561353
0.31574993978547283,0.15226156675404254,0.4001539799515926
0.44057371281276764,0.34407188707381425,-0.15372496581391046
0.20298797093073204,0.2992788542236199,-0.08324237636353679
0.016621392689944475,0.07633857811950609,0.35347259668566094
0.2793768009210127,0.15718835968595127,0.007135229483609673
0.1088084697849458,0.22057614351954513,0.19820522755780326
0.4780853599632845,0.14559864490052069,0.39706817368103997
0.29922687837010836,0.4068757978098237,0.03918243391239008
0.19288951058301407,0.3540323943177881,0.15034093094103515
0.1105059972818348,0.3387358596943281,0.3557817600717598
0.4627800601483587,0.32020955066135126,0.3205652767156801
0.4942821930770425,0.39711782223861447,0.05337293180648016
0.47873150119249375,0.4941312319305376,0.31543341712862577
0.25899240674692137,0.4665010421913281,0.255273933304717
0.19340224417654495,0.4968697379273826,0.034909221530621426
0.03283771166725558,0.29432987065679245,0.5033251517469394
0.6143293124457522,0.2901183639157739,0.0958404552887022
0.3248621085067043,0.4408996124977077,0.2571069054568712
0.4505304721853585,0.3641572849447008,0.38290282517122254
0.21864687455778803,0.2821443653606811,0.24716035978222411
0.1768020340321545,0.17344076225830946,0.08933329422801917
0.2282570694338451,0.42794280029022086,0.02796136639821068
0.01595294798254225,0.43197502046270553,0.17304951183242076
0.08262735076671915,0.18933224949400554,0.44724401236878464
0.4799469120484542,0.34832545661501124,0.2836319941622405
0.34073187801564236,0.550717957853643,0.536578547788757
0.31006417320833296,0.32049287756899597,0.6545477003984127
0.613834868803291,0.2677505968317566,0.22329141340245443
0.154647248020724,0.621418557065377,0.2864500687833068
0.43973689897069257,0.019970244866944487,0.5091819309468457
0.5562982513281626,0.4681577323087296,0.11655297908015451
0.23522978612424658,0.3372720575857151,0.49311966863499757
0.5227449932232986,0.2760582671656308,0.065690382808327
-0.04605816456949567,0.3703133317185966,0.34296287840712075
0.38955096006808493,0.08568044345882381,0.43870056973589905
0.18714714727224419,0.4075135264760089,0.029333126029233717
0.37752416790046184,0.035159124239537515,0.09635857429396288
0.07999399395818232,0.43770871631352076,0.17898479102519704
0.2577507707916046,0.21173266125338197,0.22720154213500435
0.2583822645623769,0.23370903867846504,0.33383807689509104
0.18191675223120696,0.31131649759604757,0.3755523422768261
0.49023131663515385,0.008524465118774971,0.09673094376545459
0.21886400746179566,0.39932144965947836,0.16435974222184083
0.2905180879743206,0.05029109032156277,0.2780267572406392
0.16843534313864966,0.26898353576412726,0.07511773177633815
0.2895313949190764,0.27674042859172454,-0.08188949286089423
-0.2792624522443281,0.49536102606931437,0.01168374082112722
0.18815142796274653,0.11988796853846986,0.4051724459105125
0.22755921170455728,0.47795368225195606,-0.15744700211975002
-0.04897711124017653,0.4153237310574537,0.3007430547408713
0.1645808209061129,0.02744960725803587,0.1767091437607367
0.0744609366945368,0.11538335433788466,-0.07119046348050348
0.17886475327842885,0.04390364616757371,0.1329376298386085
0.24825748078009202,-0.15736602719878828,0.08996175846044291
0.08109030200091347,0.10392271206086015,-0.2937106497075397
0.05709803656562164,0.02452187164695807,0.07139935705760396
0.5482908718747972,0.2865208076183723,0.20365312519197687
0.86218165638418,0.25600889175194336,-0.16843782102429575
0.009778059109754197,0.6391525475910252,0.207985978698312
0.0442414810522862,-0.003651943261563914,0.44023345402250036
0.27618422164022094,0.141025416677531,-0.03980916257541087
-0.05149426644541591,0.16947831823378895,0.2650029584770984
0.2898443166680285,-0.06226562760462995,0.3933947770441002
0.38187665969370926,0.34792712365917866,-0.3628125161412696
0.5718303535171791,0.2546264135810079,0.1958404188949439
0.3240758775646903,0.6244680377028575,0.21368452283915024
0.3402763810636904,0.540649743232378,0.4141550353244429
0.20484394528535066,0.43475362633527864,0.31038763913230855
0.41310820897729517,0.17247901369318955,0.009817969577257502
0.06992236338945661,0.3848448132984296,0.35867938095168733
0.46613608264048245,0.1683443320241042,0.20582268289302902
-0.050150281361227164,0.31259397405280465,0.06622802683482126
0.2108531193646638,0.08817049407420018,0.22050772938579458
0.3152277849782516,0.2227505384643521,-0.12719284167877698
-0.05982806939431845,0.23017473103067093,0.3272521775351376
0.36694371796283703,0.385062352610243,0.2748756171242837
0.19557192302570514,0.5089381069048932,0.20380116413868765
0.23900367669577885,0.23911071849144108,0.3729666481382753
0.4464167506286691,0.178847098244362,0.235218134769243
0.40002318767699,0.41741053016055507,0.18868430809119507
0.1385467354151555,0.3891145280466032,0.32713250562444013
0.2726826295911882,0.31445463076078173,0.16082093824451696
0.1251673954132897,0.11983550375941404,0.2527578967807077
0.09859880896307538,0.12969839605531036,0.09316207392801916
0.20447281852986748,0.05624591778621381,0.04268330755506929
0.2513000111225164,0.29848619667353027,0.14794734765133366
0.15255667935171424,0.4632644321046007,0.1677122427733847
0.21315059479175175,0.14274438010654217,0.14468749635984376
0.11421970523373194,0.08434516286735524,0.08332810857828776
-0.016462935162241066,0.20733204150501544,0.06812575276990519
0.1517294896439014,0.16713126736952108,0.1839458502181863
0.19483996168593698,0.2277679860509815,-0.18987629231592282
0.054374630782680455,0.1443781595803597,0.08057063647261002
0.04338812856033812,0.14680571735238263,0.18825351804149748
0.007541832179839031,0.24627744935080387,-0.005066303770837291
-0.0026045559188132977,-0.02250340340745452,0.1252738125264871
0.05076595738810948,0.3696815298656782,0.10556421655327503
0.17820390480566278,0.05105818898340947,0.08314507445629407
0.17721232835999434,0.34012413528365026,0.04230455677595971
0.13351076554446586,0.2279454095444947,0.39814657627244043
0.16433839847945342,0.31408272781751334,0.1904904985661566
0.09126820891908863,0.09559002034493162,0.11789750090173097
0.2112264216412631,0.07568133582857767,0.19666062251096236
0.23734211638228614,0.28041963528883884,0.026207606677372278
0.1139293596985054,0.40719268206957177,0.08084355761129437
0.06296699295931726,0.27799373417761425,0.28236603014521744
0.25853146097007607,0.11380120615045036,0.245569447923652
0.1372298245093652,0.17198146655176355,-0.06882211879206522
0.06857082524976837,0.07634562008605429,0.10967792121328734
0.32987582047349245,0.1917391731448356,-0.11980805039336796
0.25293196829060727,0.2001801071007947,0.190411063737486
0.2680875856053673,0.30529718509333975,0.02657182670673871
0.20158959532577492,0.46116823292165654,0.3684612978510403
0.2052654823735131,0.300852622955743,0.36700095662403504
0.2681682582630093,0.2756289134647803,0.14664753161770056
0.26823330760327235,0.17157849912557416,0.4862662180724537
0.4700880361120321,0.17978519981813185,0.11933227770531432
0.10706183545815373,0.35086746298615834,0.01439329458578835
0.06423230045001348,0.11383502913701027,0.42005567659142873
0.16340735531221712,0.18898211654353764,0.09739993568597721
-0.10911089114989789,0.20193998906574206,0.11498836883050793
-0.20534547630938915,0.04032415651270381,0.07664528292644239
-0.09759440679679941,0.2151046306044761,-0.17469454447199362
-0.12102578676784052,0.12907209302133615,0.07407891330404723
0.07485035412532699,-0.13378062270867724,0.3380609658208492
0.06250903061078751,0.20555813574738901,-0.11575714104832968
0.006877994288997491,0.06513792299905097,0.11124293815078216
-0.05580074561925599,0.3059120018017123,0.09290417595307712
0.020995633929066667,-0.03814833394108269,0.04058586446582302
0.01818853259318033,0.1433523043472326,-0.10999707017746614
-0.039620575975926935,0.21895841962039558,0.0831104390071794
0.3029192972841408,0.13652488825093775,0.16732774295163252
0.19108441258313494,0.44769121327266026,0.1503286829769289
0.12291375480550469,0.2427080506234283,0.36871973677276854
0.2632482002142787,0.37829817280807543,0.20097485467502957
-0.06987641662131033,0.2917678165021104,0.15190400261802556
0.2923566249115937,0.21601521566598303,0.2776944066748357
0.4160860305892108,0.2174996862880853,0.16092776608886153
0.23821692216002843,0.2673698896636034,0.2264506788690896
0.1658171650429763,0.2622005613377068,0.011843775591788619
0.004463557503765352,0.21174780027263174,0.21208551628601363
0.2980605084666555,0.06684685533701916,-0.12911481656792906
0.07156149494547381,0.40211135806716686,0.12411532284089513
0.34844890622151486,0.06552294526414067,0.22037689876593858
0.11992362693501822,0.4720064845006022,0.011382029357454807
0.14084962290672334,0.10474680846812569,0.28397692801824487
0.12296964655340001,0.39946888508810197,0.20344718510697957
0.21540473693944653,0.027923810146662106,-0.07221860523763124
0.3494017769845673,0.3846700175563488,-0.09280100065242262
0.04463036173982997,0.33801284508156115,0.2605296470885202
0.4073562357148319,0.1985710380547479,0.07921466466718668
0.1659622017389655,0.34606342372066434,-0.006820348940730872
0.12464773017655331,0.015264415470070652,0.3888670360217762
0.34589742891566905,0.11673252546236976,-0.15922237912048454
0.001815184345558496,0.21446559320921532,-0.06339986174874183
0.006270948020664344,-0.10296133591452417,0.06994569307348941
0.15876461994144397,0.04387278645004899,-0.10398095266732067
0.07732731846859861,0.001559271157488551,-0.011592893666354683
0.36084517391664006,0.1550329810161889,-0.09681971023120543
0.032919572342823465,0.1729630066422792,0.1488998222316606
0.15953567164469762,-0.017408322306560517,0.026990014284383787
0.08841503947125215,0.3125657123628294,-0.30578426622851124
-0.26216893918423434,-0.11425994353190948,0.3323821620380814
0.391753925384998,0.04186910125757911,0.05503734314423424
-0.048302968055332074,0.3215818669324194,-0.024139685269168487
-0.0838300820109667,-0.20549030371742819,0.052897201623496426
0.04085344551976587,0.08791372517735163,-0.23608910823402526
0.038940102087831295,0.04162810507156617,-0.3220673966928796
-0.0006509687606230385,0.15015381491513355,0.0027933681119439446
0.1644830033938478,-0.04500470580324001,0.21798982188800287
0.12255462580299487,0.5240442724243779,0.0374506721078373
-0.2898276157049289,0.4066639122260925,0.4424597201190327
0.3119649372655454,0.023501747359685368,0.37724375540474187
0.12559400435791634,0.37877163958706234,-0.05891205434070959
0.13050499756348014,0.1204795733594738,0.28402854145182244
0.327968310838211,0.05769087689411838,0.0919199803603937
0.17693847606574223,0.2891696595624723,-0.3434801813163557
-0.12285609372291463,0.1468441456824475,0.20428074150588912
0.42513079302352824,-0.02183821375875744,-0.3611581993425096
-0.1775928697044885,0.25490714220596217,-0.17868542965443943
0.105022807926787,-0.0578328525916902,0.2656897101489009
0.2909460882414683,0.2681409674396466,0.04545865802841556
0.15604296529120054,0.21281868785645786,0.2462987941806867
0.39607770911204543,0.2134537483952083,-0.21128065919676672
-0.28827059428128965,0.345225808563817,0.2632488107911922
0.10043725021038785,-0.07340244175563046,0.3624280179340432
0.351545166858511,0.1894904454207786,-0.17401705125281955
-0.10230139777193056,0.10394496603676466,0.13364740262691072
0.14979969541777727,-0.06354083401814785,0.2027597534694296
0.10922815054043553,0.267152835003971,0.09132421459413007
0.33401111660120364,0.02221941337554377,0.3881681478787992
0.14512344198909422,0.4738233475236182,0.12095808795284792
0.1457636211782382,-0.02039380604360473,-0.06273241829471737
-0.07196351367667811,0.3287590410239092,-0.019323823305812976
-0.0826632935165584,-0.012524934956670439,0.4444994685595809
0.3838779250070123,-0.00502616827637023,-0.18822912428591118
0.02898138346228285,0.4145883544897601,0.07224672288525205
-0.07761826231309467,0.16629330270528547,0.2435444646771803
0.27420519145571953,0.17476944421061016,0.2455240440956021
0.04169629594172211,0.14988992974795998,0.3526769975318047
0.45218998088228973,0.4907599947600175,0.1292693388515812
0.09995511386620703,0.32904648765338324,0.01802931147600395
0.12304027810251587,0.26033701949673127,0.25194101647573824
0.11127888195777966,0.12100331478922857,0.2466672510206497
0.6984226499562057,0.24483946199316314,0.030068712271828224
0.14899099338671154,0.4558868386026479,0.13090288005660863
0.15046565048888624,0.21450091230237647,0.27635173204896424
0.05008216568303436,0.3326681617540096,0.2608817616051219
0.1681694664108607,0.12328175888704786,0.121994079622815
0.031220615454218614,0.23765573742581345,0.2585787324756031
0.17391950143441046,0.24624414632653824,0.03570167330424136
0.03843832425364364,0.27340916974022667,0.23553115126625385
0.16643443831185908,0.16873126968036484,0.32557756853594727
0.2746422314035947,0.315451395111993,0.2637641556745383
0.1624610305522748,0.4659549943629127,0.1705889111447768
0.09924424667322396,0.10623073607337716,0.34668278737333463
0.27090370290968363,0.2391392621219877,-0.14205611220168912
0.21139292545090682,0.38619039711267006,0.10053743573513332
0.2066148082584111,0.188520736761043,0.21024950962426828
0.2563688279979979,0.23804926261533577,0.17293093296684187
0.2539686018121534,0.07229597231890472,0.29143313688883754
0.26065724288466097,0.265781085658351,0.253450056159915
0.31843711635950817,0.17479820760806422,0.13686428081418447
0.28492458120317044,0.2932980342275158,0.10380821961221516
0.1871088469286788,0.3928397714936897,0.15454824059631542
0.3374214404343229,0.24125964711406966,0.2303708027803692
0.3171343289937122,0.3063439848061976,0.24768206075135282
0.12178924870334745,0.3713436736429832,0.020267647098837313
-0.007940323407036723,0.04431469186397609,0.24842671653661547
0.2288320167307907,-0.10324160353325607,0.07804466886814576
0.3194567046794,0.2447544800792406,0.0778290699055877
0.16815078877201392,0.2992409917881517,0.3689043846047281
0.22392993523356639,0.2465282687801345,0.38555540149002643
0.3315888791765963,0.2599489965614352,0.3786514439339807
0.22884791668414067,0.3646415903108998,0.08940759269562387
0.4533564966713629,0.19790530911345497,0.23903680813262385
0.23055763468791585,0.3817669069980047,0.0929209692701573
0.11776556454179551,0.051776323305352506,0.08521409333921294
0.46997900359722544,0.2619648581252453,0.12876374877141822
0.16875348125287803,0.5066908827682745,-0.15637030203562538
-0.17612899515108882,0.1251951228055691,0.23826558000147988
0.27575286879220484,0.0791698969556334,-0.06810793817925874
0.16268433751436437,0.10934806513357613,-0.30176697549052944
-0.1415523058436226,0.14413357696068116,-0.01205279045604822
-0.093851353231303,-0.07830363267437496,-0.0019894401268129303
-0.013594941023675273,-0.09048627749163662,-0.15512932149712383
-0.23230918684370255,0.027623723139679646,-0.1825019230429507
0.13379573729006627,-0.11257124666286575,0.03211278606824414
-0.1835301934043797,0.09945269108398982,-0.0474443260136128
0.017771595154836766,0.05865423257298931,0.1258392030665817
0.12772375425476507,0.13962798407283913,0.09701704947402243
0.06860222467740396,0.15821374223541432,0.0004882223195927307
0.0842193835033975,0.2030409383601523,0.022381145479308917
-0.08554277940692846,0.03592744125413,0.11623378412145492
0.019373923685030464,0.3225059474854264,-0.06527456616832276
-0.08236254844960646,-0.002100985294801419,0.08772567358234751
0.04437224517852061,0.28459373677149025,0.003016692177332053
-0.034087636842849926,0.21548611368454645,0.26943835024242413
0.11207613743574246,-0.054667081957627095,0.10844878398385221
0.3480154834651573,0.24483180878791375,0.08478687537165784
0.28375543729075703,0.23966884716028347,0.12845087959707957
0.16981549554667072,0.2268391136852713,0.28749404285559926
0.24078607712975433,0.19321851669586437,0.1617132687314465
0.23254928068730119,0.29350984636598776,0.053400056992360834
0.27397564316927037,0.11516676978996174,0.3295720885554482
0.4149131833678249,0.11648382058692702,0.10392526090356036
0.11841426877955735,0.21136957312077867,-0.07451795384172133
-0.03424885110332991,0.2578431597873483,0.29612048052097845
0.2941451069928552,0.13072535265319918,0.013779736514897653
-0.013617207000139048,0.1511237833495467,-0.015623423933776009
0.0066292606412316005,0.20247669340431718,0.07062415056963514
0.16064893954617965,0.13995745913902052,-0.01448992042629578
-0.005573555428152167,0.23828654129309573,-0.17534457508356993
0.14455272613246023,0.16794116629581715,0.17821406910058457
0.16797937907979105,0.31669510253208805,0.21117120872931544
0.11744324719454534,0.10904136024739833,0.11436025043725893
0.14898705062839013,0.2355707432237516,0.08041870129630757
-0.05621433093657691,0.22447847415966524,0.16207300088077714
0.30973161061528764,0.2867110878586504,-0.19209886573478915
-0.04904831648452648,0.3244691402653271,0.12497645421129373
0.18725098342011398,0.07457763299432367,0.08429446242275102
0.3365905661943226,0.3002844006320555,-0.1354399405200679
0.16240976137208862,0.23846089098775544,0.156861163592565
0.13599651685630465,0.16058240156952142,-0.10336330935270113
0.024111920143324972,0.18858044194986684,0.2580960869914114
0.1274432473818851,0.08940444689408257,0.013054390571573121
-0.05269601029594913,0.04141077404443794,0.0785606271947982
0.005707711013612914,0.16994572518516665,0.28624479734290165
0.16234719061848996,-0.03082173681667225,0.073858304708558
0.1249469711417173,0.21064987866150672,-0.04555171371937082
0.06501808547197328,0.029345171828866763,0.1745381295601393
0.24299456583882673,0.046321452387744766,-0.02023455969198734
-0.0006813766620562267,0.1712998386918787,-0.16567313312474663
0.19627688207954233,0.13216303276853497,0.39243231268473133
0.6474333159898122,0.24564255079686578,0.4007114338136609
0.484034169617918,0.5445433285627437,0.16922473664340637
0.4166561376843224,0.7480045163774112,0.45260369730158373
0.5662039994755466,0.40816401097552435,0.5587402741512256
0.4636609217803705,0.6855485157182855,0.20934132935239394
0.1341578247085629,0.40854436535260685,0.4085163722037397
0.7133950512411696,0.3336683732571357,0.3929205980759933
0.1475299202231298,0.38388332192678876,0.15974601276408662
0.2959809642263479,0.17753948745554765,0.18701201339035164
0.12631182229410115,0.28036045887220173,-0.15376699908747612
-0.07224441832398132,0.08145935285721727,0.261475260095536
0.09286606881268046,0.05006944141353902,0.03764898751244687
0.2195284486538525,0.27019095600999987,-0.009008370180196738
0.10605579522680567,0.15317272649878516,0.26954374220102534
0.24191704047559728,0.27432650837298717,0.24219137575668437
0.15306677833242005,0.39718145476425515,0.3703145468156661
0.36366544855516614,0.4538535836716798,0.2769770460131736
0.3836239833724392,0.45617240793848146,0.4225039998891404
0.2415303364786909,0.24641765437012214,0.15554540809719142
0.24763007818048144,0.4665571858323292,0.43068538330744915
0.34813494797926053,0.3140111021937478,0.237765917762085
0.275878974410114,0.03851472341340845,0.2285954929043229
0.1365561858534937,0.15789170873627215,0.19289086402848404
0.17423562321191802,0.3290187898968226,0.26621168203714185
0.14782385480740895,0.023931024950819044,0.3152581587960848
0.22247903860839852,0.06477415828108368,0.14678759454165907
0.2724728147979967,0.26824642009091937,0.06880690477091297
0.13786185668485607,0.3244322366258617,0.08061213433001789
0.22974611252091728,0.47332848133399635,0.24671300252346479
0.2336655118909119,0.5098346383726196,0.2743229064312006
0.23546878731731555,0.5336476313845074,0.2270001223307788
0.26946793886474696,0.2346093445221976,0.42498911030289876
0.36601097228773244,0.31897884668104365,0.15439424488504083
0.2729891081728111,0.050138511556325704,0.11761546527693012
0.06900280510257553,0.26882752631836176,-0.1266816432574265
-0.04748649910183515,0.388796370127705,0.20138296367633585
0.10190254170835476,0.2339406870606258,0.3408340219170051
0.17936794112965804,0.20553687010071045,0.21167016107892483
0.1397183122943913,0.2651244994507693,0.25481158567246137
0.22206086124225916,0.18755771087709966,0.06632949862988935
0.07201400339084738,0.36941103919566626,0.0350312405817574
0.09939335727873846,0.0987245370836879,0.16143585465629998
0.19699713542009484,0.13767901701141905,0.20329690414671592
0.037527583159685095,0.04973253045485301,0.09360877189153262
-0.02822656844356175,0.146011727995055,-0.060980039967344926
0.36056221888462936,0.20088050995475032,-0.03268200594379218
0.16440085675428373,0.048570828064111116,0.2131600919747662
0.12845215112282066,0.10042245413584569,-0.276832352183688
-0.127789258494597,0.01064009817994005,-0.019438925915740382
-0.057035630103564175,-0.11123973490315589,-0.11277498777398302
0.04737592490700715,-0.1389394036269887,-0.15370875118900534
0.03229950772572264,0.2392399377869645,0.016566317164162986
0.07010446602694484,-0.07696218113357461,0.22607239514437671
0.15682345400742856,0.1865934883012733,-0.14471926111869776
-0.028610127568277535,0.14752555966775033,0.20249150651551365
0.19304332738876462,0.2953518354385135,0.24938756657460964
-0.09160082044012012,0.17931894371303403,0.16184062526667287
0.44751742889553003,0.3959691370485997,0.3801909619753425
0.18560903727225792,0.6054605789764738,0.2529565861942744
0.5505968481010698,0.26858814017793564,0.42516281622888374
0.3957417817310508,0.4331185995961032,0.2719951225874103
0.31156090610831394,0.5202393077867434,0.4250982755198853
0.0715406957086075,0.414159223745217,0.41635573538788934
0.5505961956510661,0.21791814213134345,0.1605639785515261
0.30856998959512916,0.5783916392244689,0.15521242218804568
0.2157953150429166,0.4979699617901142,0.2058912549863918
0.07717405847734544,0.3425742248495084,0.4556930053096784
0.6393689459814765,0.18524103388631522,-0.01302247078204688
-0.09878173413662089,0.6503136979063874,0.150201387076388
0.2353221021136663,-0.05113176178036774,0.5346899092422072
0.26925990892066587,0.29670171250638955,-0.1630836485132809
-0.29415112853026193,0.19037796607668667,0.03140905718007894
0.6484750464234302,-0.3320644393959232,-0.17066020848956454
0.11818740117447539,0.44458351646714905,-0.460052192913516
-0.0658423310664129,0.13773065448909066,0.35766258843448223
0.5031062927733115,0.006500690656985099,0.05720325478698654
0.037486360536163776,0.4115678999493451,-0.26296844939189
-0.05728703788901117,0.20216254481367668,0.2691664564397856
0.2712467538856307,0.24095011128861277,0.0003376375088519623
-0.15110812408946633,0.11235132519758832,0.09505996932708997
0.07945424132272516,0.2117220113444038,-0.08772667714295086
0.029786910625092394,0.17584896624664817,0.07460628354641527
0.28612687126238434,0.4422221493880349,0.35678731916381823
0.18940667047623327,0.46579648535157236,0.4848710335415503
0.28291296951380707,0.43029656782230463,0.41182797215116934
0.48552929199687433,0.35038509370300247,0.41553762465707267
0.052039763848513665,0.37307303134446285,0.11502515069965495
0.1367843470983599,0.30492787657878484,0.25973150810982265
0.15497754141638176,0.09269654818814485,0.09678238874147146
0.2136237720097519,0.041503937238831654,0.13335460230970134
0.3418127870240433,0.3195249481743344,0.032865756432377054
0.055142052768382854,0.7800708003659323,0.35437944989047704
0.2738512328363944,0.145802945166571,0.5024105884757077
0.382020539488445,0.5404987001984795,0.15368547564477025
0.1076399678599937,0.3293777981660668,0.308765610813305
0.2957260127199696,0.1381760432709797,0.29324362654928976
0.312490855668496,0.3172738752402033,-0.14532966320372148
-0.00393003245955021,0.024485032712477983,0.35549848953334545
0.4752178742885983,0.04841296394283674,0.007061457437036973
0.01903264328763217,0.604985028528608,-0.08587645084037279
0.24253379344766857,0.14352387585854745,0.397636206601078
0.26333590166899146,0.39122417454125924,-0.11551768065799461
-0.015949741581352733,0.15511966043085013,0.325885817309854
0.2402613531504009,0.002561103828014652,0.1861037228093311
-0.014096421134524736,0.03347123888403544,0.0446114327573299
0.17387373157362304,0.16015700445611245,0.2050964188635228
0.23927233690788824,-0.007784830153996308,0.189677000299614
0.2877921589117173,0.19513141530990227,-0.049498510366604055
-0.054349151949488986,0.06670975349489866,0.058723385697926594
0.02534168783541979,0.09968241486292091,0.08097365145087844
0.3213591424792969,0.22071925153913446,0.33499059921238983
0.13986441385785045,0.4024489300752056,0.33841253069911803
0.26854427673223613,0.32743331544070364,0.06191052596457052
-0.003638113292357026,0.25431325879195055,0.2513977596540927
0.19280607593515267,0.059653971447894166,0.20643060071014974
0.250852660574723,0.22104122986386404,-0.06090044916989767
-0.018778470565782357,0.05007866548782905,0.1104689048354832
0.3304610516172589,0.1995998672555514,-0.11180553216615119
-0.18654969917138675,0.22402689284450225,0.1864137594878587
0.25531442198535115,0.12065958089735239,0.16525653714868793
0.20481053679829192,0.21529927942379293,0.17487345387709158
0.08528807934347232,0.030291964458336207,0.19065515720119958
0.2870925423634897,0.040749613221799985,0.05619026274939498
0.23541105112391564,0.2698768567763696,-0.1057062792908209
0.11257089312820305,0.13040026758563103,0.14262757322707453
0.10484090702291098,-0.06163872312896419,-0.06995690130490834
-0.03980994336759819,0.128943335897043,-0.0291670329596231
0.26504293384757516,0.1201454271701696,0.15060830701983036
0.10111772715101547,0.42402973025467405,-0.039323009752408176
0.0557852468416769,0.1679374265212116,0.3674878078811966
0.307268999058703,-0.14795191432711882,0.17310327058740388
0.16920961045043828,0.3053931518220447,-0.0631188834461564
0.21874064014316968,0.37214292484434863,0.0585307224227154
0.18984231200752905,0.5718118723730059,0.2559725432935423
0.26614890834250304,0.3072251567445552,0.2812324049058027
0.3170139032520119,0.624283791697607,0.22334972631611555
0.19622256172614855,0.4098833315672862,0.06287799172780756
0.037996679647237144,0.3578165266858028,0.47480060071390917
0.2878451934526453,0.4933809062924447,0.15783470337734634
0.09169143669709062,0.4751884803482263,0.35577999758769147
0.3341509944470944,0.4467645744522823,0.23813156789426282
0.2918535146335313,0.34750635903615484,0.21666280400427926
0.314276988327422,0.35390848812535847,0.5407446631066861
0.6757203642195915,0.2592699237723899,0.2796256323134203
0.2073277956828112,0.49636640216851036,0.44677167137618395
0.3725063109905018,0.19223871097750622,0.3434376308407878
0.32190909593464395,0.425311346983479,0.14217416937947436
-0.014472454088434589,0.5660233956011956,0.33159366249673966
0.19512632839058405,-0.11080426097641753,0.3233601827963412
0.24523870918490734,0.48920523331039445,0.008839807804809738
-0.0459905747406501,0.03414143910528883,0.24101863286379369
0.30873522751433,-0.0009564801307163084,0.11340120074237066
0.092064697590922,0.20615388634185178,0.04489955622567895
0.09279665320967619,0.19316901440487566,0.2724208090599702
0.1393183775070671,0.19207878064832717,0.20400715295520952
0.08547334972947827,0.05894371836776634,0.06831453595694392
0.13652044997933518,0.40421279522049935,0.09704467717191993
-0.011035232708145486,0.037030086389960054,0.20437388948750393
0.3847226008020691,0.028689052367405585,0.18212335378350242
0.06610408318307405,0.32240015023411134,0.07243134210814604
0.07152569881211121,0.038601397857427666,0.3138395543651798
0.24956704264062685,0.1745158281853949,0.22235929048324615
0.17389116147469563,0.3797750355479705,0.13454585973640182
0.17072933667103773,0.0047489521749901065,0.08474977548992182
0.14721434186720406,0.3265624297520143,-0.2344202400972946
-0.06454033537786831,0.003212352509608052,0.19020400716350977
0.21477524511850815,0.25049623299735146,0.044897096795873684
-0.12248103314153386,0.21229951871933803,0.20050690136089674
0.1793533154052778,-0.15619016046388068,0.062189550558495524
-0.0745772234312004,0.12249975053033785,-0.16197663308881266
0.2598621454950431,-0.02604553608653557,-0.03401107062847619
0.12121999956184387,0.19949994645087998,-0.1433794653811035
-0.017567533389450968,-0.00043574506112303846,-0.006870473484772793
-0.019292222658938922,-0.004051519093905359,-0.004720543697846344
0.2149776123862691,0.012802555701295182,0.00669960749304346
-0.16388379949077797,0.14556273703541264,0.1266623206784386
0.24212746566697446,-0.02557332119027811,0.06883219684279471
0.34264391666236316,0.39942144821194725,0.02932887991047349
-0.03362204411064734,0.35167268617433856,0.2793242580439965
0.3430228675203114,-0.0865980372110402,0.1783345617050862
0.18208737261950242,0.26257597502698143,-0.1318793980398612
0.0762215254906573,-0.08219220911881948,0.07468307839732068
0.08044420132597895,0.26045123221292715,-0.16467132132457013
0.08761976529797376,0.06638020921544548,0.0840238049412654
0.03698600547443984,0.0948851778437709,0.07230084444022664
0.009982405614131315,0.10724770462059892,0.13940142236920938
0.03493079479270904,0.15971540101237303,-0.05194177364058381
-0.03964551398701571,0.025034610435879835,-0.014916364808957076
0.08111297813962684,0.10262085185245044,0.15433768499626588
0.33962262342363503,0.19671159315357248,-0.14467200529362204
0.36883756179520394,0.2173192320298178,0.18354210870603338
0.1743296924765979,0.12910377384786415,0.08740562018483078
0.33097576836918186,0.27900662960302125,0.3087228250776869
0.8590385777022773,0.04422406177556837,0.43858816988517446
0.16846650112363737,0.5863573835586031,-0.048786257293269644
0.05067019099981346,0.48458538744400936,0.526426877099449
0.3813403558579456,0.2515276763764622,0.2637060959841687
0.4587313625045324,0.5243311305424134,-0.16393702588933495
0.18578665629781066,0.47068168071708416,0.26854079678901455
0.3339481755577754,0.2298291164037555,0.15660029187600452
0.22888868993697054,0.3131305049471152,0.09580691695201646
-0.014960482446554041,0.07234720448283324,0.2581628899946104
0.15304989106349923,0.13838370634805414,0.023592068962716248
0.05075089335202869,0.25104798173670273,0.2509115362722485
0.3628956569145575,0.16072078725125274,0.32504261319115524
0.24783086195368975,0.1890573909199766,-0.016485539769783952
0.16194978456440312,0.1749863276077606,0.21062093932958767
0.41300683943357824,0.18833332253298635,0.2705287573469991
0.25786459764259706,0.33744097827915565,0.2979310092964226
0.1609852725909443,0.40575741018565886,0.3373554095949886
0.43345228019472576,0.27056270017015566,0.08165381940983199
0.16843867278903693,0.20091137579335913,0.16241748064271908
0.2688589077388715,0.24916918111938102,0.05873762901539201
0.21417650328621488,0.14902902279349828,0.1963621598193646
0.5880621967258431,0.035091402323962656,-0.04523546424163418
-0.003092791550483434,0.456860591161274,0.12105662227302588
0.07536808955110375,-0.028409267177182042,0.45886992947184135
0.405723037212314,0.11031594407111814,0.17168163320777693
0.25801217773611235,0.2832414809064707,0.09457268124014571
0.17995764500422398,0.32873247803140804,0.1514795229533412
0.19653144610650086,0.0847391050346939,0.02616439109063322
0.36077911632876924,0.14481113739627485,0.12098554977840795
0.1260003698156716,0.4249726441424678,0.15211034862305586
0.14019773807765948,0.26162715770287404,0.3065938768936731
0.2506042836488837,0.37159996750914825,0.181353913130813
0.027984857227653925,0.340050499763607,0.17857267490272283
0.23145546333997122,0.18577995781905016,0.1546260114978356
-0.06204406816878867,0.29917901159799265,0.008825148291781465
0.11207594437892725,0.158276828515397,0.17449321864308698
0.1749882969298019,0.15762738943652055,0.28460496539595787
0.2950081278657407,0.1469129019433216,-0.08767282418906143
-0.2572057078240103,0.21506467291518722,0.18189182288581868
-0.032048791506357505,-0.10222027207182223,0.05681251673897428
0.08837945433118544,0.23404708378133196,-0.17347585168494423
0.0761858417125956,0.05686534517202208,0.13141515913831947
0.09016656749663543,0.16447131610459975,0.3044174615019961
0.38386140211043296,0.023987230214436467,0.20969845532524983
0.39430447270272706,0.5788339487927294,0.18128167586237226
0.17945928084644394,-0.0037776265565049316,0.3363707603334396
0.047927349455658186,0.184519383617881,-0.14361200079395367
-0.12989475062561193,-0.13176776573123172,0.3352962190561928
0.24888193904491224,-0.027659762561777494,-0.05429812171346513
-0.14203585398085858,0.2154649191563524,0.3414307372642712
0.27987573803466503,-0.15129698956161425,0.11828926240885698
-0.13107683419869948,0.2513438278826885,-0.0013440827049412823
0.02180530854770926,0.02504526675152651,0.12615800192193952
0.11417379991572105,0.053907571041283214,-0.022241258654319203
-0.05101420865314779,0.02823588684060892,-0.16630596397111513
0.25005218864096274,-0.07695470470084122,-0.13649890547771795
0.07910602438644895,0.3750050997290723,-0.11362748752078372
0.12245981904035416,0.2289718488036349,-0.02303240095134715
0.004934759092350527,0.2433876609779624,-0.23949917319513095
0.04772275623604927,0.19804062265979433,-0.01110691600208226
0.1343472624568366,0.0519252394888742,0.1958923719632621
0.25919403083600084,0.22589452415921196,-0.0436189733168592
0.25228230987527334,0.44578983658465665,-0.02364048118641217
0.25196626366422253,0.10803187609266962,0.253882796848387
0.43418785669167437,0.23131518037011994,0.31857364301778257
0.2887029721756256,0.38398262569604913,0.19046927041749367
0.3145641953908971,0.20286847750193632,0.3028591254314914
0.15456036158365538,0.30502862270282993,0.1069208734343621
0.28190197399651673,0.14044069152388597,0.044969660493214936
0.09262671609750843,0.3289759932163768,0.34803433181342247
0.28192159378637627,0.09061726201097191,0.35446317926514537
0.2893554712160096,0.3544641924482465,-0.10341041852982055
0.2686186883891533,0.3169708486351158,-0.006929121723513926
0.01453257966025423,0.4137844294730205,0.44252892791511766
0.3087786432851509,0.1738151561985331,-0.008583746570888534
0.2689882692499874,0.39066104581463074,-0.20508580671494508
-0.06509634196891573,0.382526452356608,0.1282032041292534
0.23149946009030178,-0.06348310819973602,0.08370903786830648
-0.18558997216225756,0.3028912066917113,-0.027148971474647406
-0.14759549642676092,-0.07690724128661654,0.30158599879085596
0.0592482729968493,0.027931279874226733,0.004303027145246788
-0.08441769999015365,0.2258892763566165,-0.11538349289458769
0.009931242362294368,0.08285236998898768,0.10237823631305498
0.22970866489511135,0.03275900443131023,-0.33900655382950196
-0.13665995396395142,0.10475724683419438,-0.20489731401285305
-0.1510443891174359,0.08540412211668126,0.3048579345695661
0.17337405906991943,0.09094037112938913,0.02254361644863699
-0.10800090015841982,0.12469370218208077,0.03475550082027511
0.06779105332770471,0.05382720436352011,0.0833517370665072
0.1481949441220893,0.5503696273528533,-0.07041657587773753
0.12537568207096145,0.7843682336703441,0.3877830899081615
0.3675347548798749,0.2804922845140332,0.503043389152506
0.27491453393482734,0.18792976764933705,0.18800034290265882
0.26404237769273275,0.4564441097087467,0.12641006953898482
0.1885024252228661,0.16022309350233147,0.489149602595246
0.4237371622146042,0.027024545931634253,0.012693088318376268
0.3040456428483418,0.3400735446193565,-0.03705839548219256
-0.08356310330258152,0.28134276713252315,0.18089975286308638
0.0002720250224435977,0.03869874808021586,0.1418264805153407
0.21517551935472817,-0.08152258417886613,-0.13667836932001245
-0.07667852030493484,0.17045393718815868,0.09597407586363418
0.07792913845333643,0.02155758753108157,0.02915969538445516
-0.061681222540631124,0.25622375296033495,-0.08028689050545447
0.09462909295310011,0.09428323656052953,-0.0588029688060467
-0.17333395712375194,0.2586625130651953,-0.0641613543488165
-0.08115674842798096,-0.2382208248313177,0.05295092373851404
0.15088152630183002,0.12335616989448181,-0.09564367612015859
-0.1420240321800421,-0.039069395952936986,0.03389662469473953
0.2814746568222464,0.07193024002466139,0.08011874880815371
0.027466955062009177,0.40972546685545574,-0.15926989358235866
0.008897134814130597,0.5494858196409672,0.4661588728891742
0.36331388121899694,0.06896609658931743,0.34437880675726484
0.3545902251955786,0.2884038645660305,-0.019284018534276096
0.1184181307565045,0.3354850409165946,0.054450981723460495
0.10297424569546479,0.29403163878745,0.30586657795373257
0.5307364242412133,0.01237755797034587,0.11326268569293343
0.09029566042016962,0.6048514625988485,0.19181692728754376
0.025073480874212017,0.15735229809452797,0.5216473804880026
0.399458313937735,0.5017250372695083,0.32260231871860023
0.4053282222805427,0.23726226058952932,0.005583674645304699
0.38932655617130674,0.2745980888699017,0.07180653631425138
0.13697074408763288,0.3460503961662068,0.2217595149451903
0.18328147072264706,0.25025022720366186,-0.03764122493605565
0.11956995269150245,0.2236959586607528,0.14499762511949965
-0.0032336753667672746,-0.10089700090601232,0.3263884645910965
0.22159550583919904,0.057480186256312266,0.02788171106427425
0.21605270764051412,0.12143691358586639,-0.013751683908389989
0.19226333216763433,0.27225045998441666,0.08132778678652125
0.0992133234035744,-0.03231369048469332,0.12859144627684604
0.16705316652437208,0.08600770318993183,0.021734971167283762
0.03347719354079426,0.2941881094826207,0.01795967189908268
0.05515249510001375,0.22019268911606066,0.3393706732581676
0.1885467023256091,0.16948981764522333,-0.03201257611936305
-0.0401779263328503,0.2967493452063838,-0.0002023036746926915
0.07230536791387579,0.09174799226701237,0.11783914686620887
-0.013401231169185603,0.026116332327556058,0.002454754524662678
-0.04195591241150763,0.22053137179940985,-0.21208891698975663
-0.26815586528059004,0.17173289361073943,0.2539382860388139
0.19754678864100614,0.28457394685863086,0.4462833067023392
0.22103367316863182,0.22471402120231615,0.20196430217208367
0.15969765942325456,0.31888338410027134,-0.029243060562831075
0.04770600785797548,0.3482851234480612,0.5133929664944862
0.23461479395450677,0.19487789850949147,0.3516292588156725
0.3793288419330386,0.2949210414725991,0.0674735421806088
0.26544275539411033,0.3728324697644964,0.2098231681347425
0.2657774120900278,0.28645609865895155,0.4894213184669259
0.4072196997851521,0.30540130345087,0.21817856234460054
0.1857931900507952,0.39334913147870576,-0.03292816156176309
0.0736282918362306,0.17798981268980715,0.24591104040626285
0.5168606243764617,0.20128938869276264,-0.013748574615754275
0.042854595230693855,0.5445836535842574,0.06505998462373398
0.2025494053959544,0.13538266571482444,0.3035432538145239
0.1378355186499517,0.13231592961983105,0.12250991500102178
0.13616505411190627,0.19575322036645876,0.10515999794304705
0.1083815247669604,0.13421576269012908,0.2514809507614165
0.11756982475152819,0.07722745404711755,-0.022869787664262356
0.03927640287139301,0.25429390489983494,0.08607547564482859
0.010422955194378664,-0.10589063479286827,0.22911669470750323
0.019116116646516815,0.1412220870224837,-0.1807427531603239
-0.00696787782547148,0.26941474048361624,0.24910434124574904
0.2715125261481995,0.305144015924296,0.49887979522808573
0.2822836040800969,0.18492595547389853,0.2721703404076303
0.042083434887325896,0.14394419057562324,-0.03245004165075781
0.23980022328206257,0.13290911325297727,0.20821512101976786
0.18448866841908718,0.40421140909027314,0.009681601240492655
-0.007638102961306015,0.17333937330764637,0.43268361987365306
0.21699296867775042,0.05776272959581083,0.19596980804350952
0.20755244621889873,0.05605494271555145,-0.05517266951691356
-0.012005973155494981,0.12915723825570583,-0.016802225289494883
-0.04145472888925734,-0.1121183213776776,-0.021689989338955176
0.10036594151637934,0.06447850634975934,-0.23608475131508427
0.19144254464224714,0.25616784642514434,0.008607787326361915
0.13139078931193482,0.23072125985164552,0.16507246297432324
-0.012029397134029618,0.20937138141018638,0.24518221716536406
0.09560399613369805,-0.10572574949744137,-0.005244428970038595
0.1878623280994184,0.09602284977453981,-0.31828286218023943
0.15529231189458867,0.06583673593148957,-0.20705418384491928
-0.03694212564378599,-0.10295150787234439,-0.1414128160551782
-0.22592214499270952,-0.027347982363416637,-0.012676754178827819
-0.18295248275089643,-0.11330070278020357,-0.14308827934369597
0.18962895769033775,-0.044084383275304735,-0.08822606026812126
-0.16764775336905474,0.23010529908821498,0.025997836018397842
0.0782629937933811,0.29619359176447924,0.1293097632357444
0.08061882596929404,0.772072484574852,0.22604355723816302
0.09140977209390966,0.22896302214765651,0.4172906524546306
0.4213409567429403,0.12482284322564964,0.4200847113253798
0.3449709105887977,0.39603096388355097,0.05245015179287708
0.25350945285115617,0.31654544896207676,0.3480188120708657
0.36826234482540227,0.1707918020891086,0.15341099730960328
0.15726822909196686,0.39094498854188725,0.161763865662716
0.774712956345291,0.41545287455789004,0.24242843065142028
0.46651914228036817,0.558002582729841,0.3620039648448896
0.18358543063182584,0.812793651668852,0.3173123506073558
0.31446071151575095,0.40377087091105623,0.611909410792709
0.41359270962676187,0.3866677196821452,0.20820560003886543
0.15821559453753922,0.22109645060056562,0.2041531704832429
-0.10940691543206757,0.2287409331400769,0.04711610314249738
0.09175965265298937,0.03608565679686663,0.04404411947060177
0.13071193142049164,0.25253293828473733,-0.04156757131442516
0.14099902476330958,0.05364208533598948,0.5606647604618543
0.5961347830987361,0.1814688111700969,0.12858199960918318
0.12206440938623005,0.25581921895529525,-0.04136103290899665
-0.032494322828009986,0.18154528800079883,0.12253434058779107
0.2969211830450015,0.10781544209323783,0.13131767283572746
-0.04887798594283099,0.45428741080430685,0.3054864533237317
0.10290766866951803,0.19497478920651007,0.3078085934432131
0.2148421616475071,0.29877246272455177,0.32841087566475446
0.3655515413763262,0.2665597375881251,0.30322758881882383
0.11540030425337204,0.22817263595731763,0.08482747394503384
0.10998030376071219,0.21219007456223382,0.009909864220484232
-0.044772524022143545,0.13377626101628043,0.18755335637972492
-0.08460135555439505,0.21027788870075337,0.10040402946232388
0.04543781435392795,0.09995680337799057,-0.26367965812736927
0.03952650011425605,0.2032693325279109,-0.21130990334559074
-0.07681999881582538,0.17838395275214022,0.13099508303339985
0.09948848113183519,0.2364797600494074,0.06465653142327707
-0.04458715954197569,0.19616878554452566,-0.09368185458619363
0.11750748634036431,0.17896575872145962,0.36341852404168834
0.235982819418918,0.15308867282978264,0.12382141446991388
0.27653082930484146,0.10831298401528584,0.2990301038194886
0.5707652475205031,0.23706402042227018,-0.1963900423153387
0.15967111225345823,0.4080393023707201,0.23678035567893926
0.1615383417207285,0.25819586377566217,0.2999722795328674
0.6792845776696725,0.4773154113220924,0.04952069509830748
0.6267153998331763,0.6102292096830564,0.2807251283602849
0.29998863059543646,0.3990299353040053,0.48918930032130087
0.594361352206447,0.2748173028891166,0.3335150371489244
0.2215069515025513,0.6461437527765256,0.05663897580628417
-0.00911052046741867,0.22349038820980607,0.2904049219613231
0.2932908220804481,0.16863384681987081,0.32425612357106137
0.35702879055028225,0.163124325738165,0.14891198719071663
0.12869452420196414,0.06703724136197631,0.1430995109519428
0.04584957057294953,0.3177485350280912,-0.10648483272815834
0.028246546984160226,-0.033015330428263545,0.08659002514009714
0.23910543646671675,0.15423088387980755,-0.2020078849540698
0.13882316461854988,0.28340156707205183,0.001658372002504932
0.2806616554313463,0.16768170068317859,0.37891108769293913
0.454113951554045,0.4034812408469655,0.2696372031820968
0.18449615345301337,0.5819436281758212,0.2895881528196934
0.22010990021172822,0.09887630865563324,0.4171101578001098
0.3466072254765158,0.15539883679726677,0.17776440728960244
0.2051492304609437,0.3767635350438839,0.0720999956998906
-0.0309017635736731,0.19761360448904045,0.13224218487534228
0.20138443841998505,0.06907630609264966,0.120622212043304
0.08151638465457459,0.11221065277938871,0.16048045303829656
0.2914320656848991,0.3119757057414086,0.12231056196720662
0.2008737734759336,0.3085315093570362,-0.11791049712766943
0.30603746155620937,0.06735770931549839,-0.11417451120547853
0.4146030181101006,0.18008333695528314,-0.19376053784506717
0.03401331840364903,0.32718134585486314,0.005022219045110993
0.11052595421461181,-0.1574850280228995,0.05080341248040665
0.1376814095742711,0.171419699204206,0.08456851420118677
0.24595695072812643,-0.006054649958464241,0.28928413818595006
0.1501939804133327,0.0818890993578466,-0.12812819752113636
-0.34964231102958565,0.2725041386203276,0.1714409868629915
0.06647408286414232,-0.2621261656695607,0.24526844325874797
0.010199770016531759,-0.04027466519610484,-0.21940688324927538
-0.1517873383188037,-0.012387122420287819,0.0028066649573100268
0.1143705730890776,0.1182482324489319,0.07540478813895919
0.02356980120193755,0.16774313785753484,0.06580497528601781
0.031511123499016316,0.10880551736142638,-0.03110319263298153
0.15402067017217894,0.186121217385059,-0.007206138264448089
0.20738979149444692,0.14984535376366814,0.12625699883985486
0.2505625893974419,0.12181705683785599,-0.17078238621635528
-0.02586459928247182,0.07741082159324945,0.17614696270712157
0.13690739151163128,0.11136584238755791,0.09845151405409557
0.1611231868340658,0.047570254931741246,0.056910842155210306
0.0757221876861913,0.49486272588679164,0.06804164568673862
0.021309964578522786,0.02345675735370753,0.3906030733411226
0.32460293432345205,0.4281832218811336,0.0869568363431316
0.43020605313073107,0.09709868996246915,0.2587964436039735
0.1212663930669686,0.48827335037199415,0.3452971436281965
0.2975549426168987,0.19823599500920647,0.27292684168276243
-0.03158230757429539,0.3436974304635043,0.1262330008146852
0.08348337776295878,-0.027742359916765588,0.48090169068960487
0.21796766103790588,0.12750843794049255,-0.1656670001973755
-0.19484142246578645,0.4546570906107311,-0.012265338638913444
0.07296936423733374,0.1356203199329248,0.22615194380656778
0.19137340232049313,0.2165333424253796,0.10961435239846296
0.26715706909053427,0.10850580051389713,0.20162806702670485
-0.1162686025522279,0.29314733222176215,0.11283623821200979
0.2871325451230983,0.020451349907491867,-0.02427976941116916
-0.03857142830088013,0.2754508040443597,-0.17135165837813515
-0.09093036621677744,0.03632873551385641,-0.041812520293084895
-0.07974683916162983,-0.08846701454552715,0.14851302697848087
0.04499351972547154,-0.1047914104746061,-0.11698151527221448
-0.14544749767525805,0.07502901276993287,-0.021305479302220952
-0.09974707194308993,-0.01886468335785864,0.02959184706130461
-0.06337464300933286,0.23190489879134799,0.0817097985130799
0.08006812576558658,-0.19600086195921346,-0.12590761428590105
-0.12924041402415354,0.1145640735693101,-0.14924614971451974
0.03435569948379504,-0.0694404729405645,-0.04040334617535564
0.15274355252459224,0.2875736181583204,-0.05391751664772775
0.06762897809138858,0.04580610734495004,0.015040376646004452
-0.12378078169811829,0.016988058498033934,-0.016628722388512915
0.052108398909691045,-0.029712504516783027,-0.20109979162083796
-0.04642558329062297,0.04706986876084488,0.17748435363510828
0.13220579925313433,-0.038778960658895384,-0.18415489681629868
-0.031520433764348404,0.05099937305327029,0.34818149815764166
0.31140828855467495,0.2466004935996265,-0.09692044536663973
0.029849541467985727,0.3162976076506826,-0.033864192238540175
0.11146220791199643,0.06719015482345099,0.22229846992965907
0.054235199865104194,0.28908966392869784,-0.16557871442271593
0.0019162981544643964,0.1121978248861486,0.0057165292065528145
0.2239494617540925,0.02340716727198791,0.1928695941820993
0.020744531850396153,0.46892229038892436,-0.1533155129753006
0.09178777052697809,-0.04226536450756452,0.46756349422505555
0.29342450248179497,0.17081727579585582,-0.06454020548748507
0.08235513389807769,0.34610858050936544,-0.09359238216548926
0.06643997327277537,-0.021764982837371466,0.030277211575853433
0.06454182090368571,0.18525582334334606,-0.034771241648960345
0.0275743734322179,0.06804936287368453,0.1170815881412157
-0.013051034184712845,0.031692980805774124,0.2271610924803142
0.1617402557512528,0.09278305094373605,-0.18354352221227793
0.05977764236000628,0.05874104577434623,-0.16392778595615418
-0.06502816165574814,-0.013707606136176859,0.09926126655626097
0.2561317740976581,-0.10766695208456045,-0.08843245960491682
-0.20335505472568852,0.1291644246473958,-0.04910303097282629
0.0010339034329109875,-0.20410775449022076,0.26406300407675287
-0.06383880665708466,0.20625854022594908,-0.11404905402497023
-0.11075692563862866,-0.037384198468649314,0.26015710207723947
0.09192620062808249,-0.02245402336167637,0.10032256466152456
-0.11445158534625405,-0.06240849326640864,0.014392203595309447
0.054136394754503395,-0.10316947550906716,-0.14844683838827105
0.2166753771752938,-0.0031550310138448376,0.10736469475229468
-0.020243107557739462,0.02593130563995541,0.2031310875405878
0.01794826867749627,-0.1835981537547232,-0.19014154431320246
0.020531007903456258,-0.012985649243714696,-0.1260276632880578
-0.04990604481460435,0.13709001087980024,-0.05425782831135281
0.1176588292477102,-0.008151161616289494,0.11319521349502483
0.13545871486680078,0.08922668861833503,0.11655212433604589
0.12919387996447765,0.16690369784148656,0.008385865339286536
-0.018225084002634003,0.2494799178181727,0.3327559532419435
0.2498196242662553,0.1659719104555464,0.218517240643047
0.4351930189786578,0.26980033327429676,0.07170958869531639
0.06980461731940087,0.4212591844852984,0.153006335326192
0.13195386008875654,0.35735574426062694,0.2767193652488059
0.2614876873091664,0.185514887258617,0.25239248080878135
0.293619557316252,0.42410703898478347,0.1685473660416863
0.329994594351019,0.32717802782024685,0.35041637080078825
0.3343840849375673,0.12222242045342616,0.05097641706925862
0.1752851747609641,0.29754533673161,0.26038389552308117
0.38124338117196155,0.2954338368750933,0.2821941281564581
0.550544738823505,0.6213626127354827,0.04704064559826565
0.03278807499812636,0.2983912352416674,0.4114190079252748
0.3889340883632382,0.3017579192962446,0.19144779877937454
0.14023901756687138,0.19426348916150485,0.11249277166552157
0.3688217940672036,0.19463583677605303,0.25154097422279587
0.45264853609844824,0.26557715154691963,0.04085895653847685
0.04379076356201214,0.3924205716544308,0.14998978987201655
0.3217261225785292,0.1329834002740656,0.18685679387050022
0.4300355299182009,0.2728546610691073,0.03456594779397958
0.08056822921623519,0.21383077757536745,0.38782795371777784
0.6181613664585852,0.18937760414772298,0.14612409605181637
0.21308315720573345,0.38150021181121774,0.11475391290011215
0.144454762883223,0.2330484704520177,0.1785456268973686
0.21460015437674945,-0.08366261519652932,-0.11543058928077879
0.027687256811651233,0.11770882209708344,-0.19018770551065292
0.09841924239300684,0.025050795766463612,0.09028431898216405
0.3040094229537882,0.3899911782262459,-0.24697272978699453
0.11897430961161415,0.23408907351603053,0.14836100791242474
0.34753578771475996,0.43415253503597556,0.0682488780070354
0.07454302919127836,0.3054805195232324,0.1925192964434162
0.0038721039678537295,0.18459964760103736,0.0658517879722052
-0.08328870475275946,0.301848851276308,0.1335609770394615
0.30843873879156114,0.24929497893805574,0.12961071776818603
0.42306153523702134,0.38208018122167003,0.4954780914067008
0.36018141313878965,0.3584253686167469,0.15246511646854152
0.21402833506437996,0.3316240120493801,0.2412947293726773
0.11413319615826724,0.38272380009681856,0.17990043856699384
0.33808812671905325,0.26343255106622443,0.1900911032326254
0.09505139284635494,0.41722396256112193,0.4441555733835084
0.3199003111201866,0.27642406584049806,0.13608915068159222
0.1625673431373153,0.13204122016525033,0.3425839084687927
0.5091958959506585,0.2865938450799537,-0.03598490123690919
-0.07970649999339655,0.32423138537115964,0.255880512441152
0.1465512339075088,-0.054212195113543415,0.3875018298133708
0.03858111125324323,0.11274435792521736,0.25428996984767854
0.1136833015331084,0.15988012126358997,0.009674207351657901
0.2841958547033363,0.42727277167768585,-0.08541551315171188
0.1535196876093345,0.5795492425215598,0.012742976053709297
0.14189779683472542,0.21795770681339072,0.31545634400723516
0.21725521587813607,0.26407840706440144,0.004834132289058955
0.584241040422786,0.10810009591243129,0.3018599971845033
0.33975184031695416,0.3926119664261424,-0.11112892474631882
-0.03342597560925647,0.1807796968352316,0.06317566725361595
0.2548529353977117,-0.12975854069690157,0.08214538029052515
0.28219548278267903,0.37030203068841727,-0.12294230810053014
0.07609601165705993,0.4535510671543955,0.025111782622286798
0.12192916630532177,0.18539135486672365,0.10740561128038068
0.5231745383128173,0.17290013415819577,0.076231969736364
0.19531508114982993,0.5473410088181232,0.19385135236622464
0.2565865885294688,0.07260713016647963,0.3126489327419594
0.1960949074818704,0.310418298465754,0.09203464266869951
0.04324647792332487,0.034050718204935326,0.20711832655041384
0.3651984349106694,0.12473180263085985,-0.064897871732679
0.0804548187637928,0.5491267859489197,0.1808963618914814
-0.060471603532277915,-0.03422104940359667,0.3527285587412668
-0.017018096615928707,0.00014509938125121385,0.056915162952572686
0.13987631357432395,0.2140372546776501,0.14738340512708584
-0.0987143751531521,0.21306737379001714,0.15909560068145673
0.08162194695359219,-0.07047754340548909,0.13411643893105238
-0.032477563695105946,0.061333275546032545,0.03699671873129594
-0.039917650046739424,0.4575464645657673,0.1048551068241362
0.1999842508524707,-0.11221473376532021,0.17041080867271766
0.10065877422838469,0.18727042355436474,-0.21334638577447995
-0.035603140182717624,-0.01846200579356367,0.1590754679249919
0.1285110214642459,0.04713164610695129,-0.02830063851443293
0.10983801468389912,0.13209149824295932,-0.03499910504818668
0.030638141885181762,0.32541689247164435,0.2140367436864708
0.19880999466342616,0.07818010735639781,0.11208108072827946
0.07479988210213238,0.13928293755590393,0.04149809903638145
0.16975286341171628,0.09589000969864239,0.14960725860345592
0.008271362155175349,0.04110760867068347,0.07309532472543454
-0.027566659364663862,0.19904086106711139,0.04037432746926453
0.08144661067573393,0.00639705546692184,-0.066344708267706
-0.04211685379910931,0.15821603047574267,0.10025387577010673
0.10304892837795318,-0.017320883819517296,0.17806375759780502
0.38284964578436276,0.16104722591933507,0.12820728627872816
0.4621364314037636,0.42317976630904075,0.29057537641428305
0.27666243607258967,0.6231282305874445,0.0443198145009016
0.005242331985252896,0.33073552419681806,0.2760747943904356
0.2143027391217799,0.12702270688169479,0.002485947779328118
-0.007182483296175879,0.15301669495528375,-0.03859225532055685
0.1584619996121403,-0.11253939643570264,0.0967022359119498
0.11760676777615463,0.19451287501719033,-0.2088108417206031
-0.00048519827138800153,0.21579730968176647,0.3450009454215317
0.27980217286765724,0.11271724800659705,0.005493525236217683
0.015940884262061875,0.1475074932793351,0.13413596922841764
0.0956074581564938,0.18677975374258632,0.182094883685895
-0.1812691924943124,0.21158929344216135,0.15647865230895053
0.07930891999523514,0.01880911811597108,0.0305739044823769
0.05878394482479801,0.36072358037114727,0.0628814813423201
0.09719018582970465,-0.021123165306345795,0.12474480489218542
0.17511203519348256,0.10433857767625584,-0.2533877236340768
-0.2088811235727624,0.04379273043601993,0.0008850016538924158
0.13150365537918188,0.17688970473772134,0.024442294337114756
-0.11933216711978362,-0.06705809045099459,0.004280899796783207
0.27623784611317675,-0.022568220912636938,0.4911815411137021
0.5810988461699386,0.21275250648496896,0.04980513057583952
0.016801985949125242,0.338372904228769,0.04220878936174827
0.7313406490024488,0.1466257583067815,0.12051550524317517
0.15076488809564703,0.4599470717619026,0.14946847559930887
0.6045896799548276,0.062351517954357644,0.04399099826602834
0.03876637199950832,0.4726229716702667,-0.03174146246330892
0.1002534873230675,0.4700464560549293,0.14572013365379013
0.13464362170541708,0.15262734140220174,0.12124914974449533
-0.037977306875953944,0.4299010188740647,0.15093554592879804
0.20886723870173463,0.19377441927495215,0.41154555013362204
0.37385162338513844,-0.03758936758550169,-0.001929337655578664
0.0403365104141754,0.4586180810432301,0.07129777271877996
0.1099168289563392,0.09416538015205068,0.23971705324019266
0.41628488906748373,0.062182220188476425,0.05591709403394758
0.042732155929626994,0.26310171315751507,0.04076234213078388
0.005448079458270902,0.44884139141060164,0.1487006146121661
0.008047942865326244,0.2729217317896196,0.2774097671658684
0.09407039955634997,0.0825187998321795,0.07676108687367911
-0.002991020798501748,0.3002322070157265,0.11456684531242914
0.0937807937729675,0.22393866001544382,0.23828171347376764
0.3039096927575036,0.12531151577917998,0.27779996743558893
0.05459823687065671,0.1040945808073212,0.10088150068851547
0.32729995687565394,-0.01416354756455565,-0.038717099099114236
0.01693347826970687,0.2773673666386933,-0.07721927529024536
0.11327478821152137,0.2476075486531687,0.03421427588692037
0.01151554880175959,0.3710321153833911,0.0698330546085348
0.13930260998632876,0.06872867439515506,0.3477073487498512
0.036594263976915925,0.33956282415263317,-0.2552558771576116
-0.045479484514417245,0.1643065472522325,0.1305331023395241
0.36013138460749744,0.0036072495513848578,0.0525716904226984
0.10543299471388409,0.6565347436424593,0.14282082846313326
0.2639717333133442,0.13184097058357383,0.3973023296318832
0.15183657361047495,0.5179504701430295,-0.07478149683718711
-0.22016942098242276,0.38137197506420645,0.1405933679266837
0.04530453385198191,0.1646863660010066,0.13153309560413456
0.04634523125771189,0.033255244443530424,0.08562102042289108
0.018988246591703315,0.06971288638224915,-0.06999530471100471
-0.02072912479868746,0.17698310647719187,0.09651128083940741
0.0738089709616017,0.08946204309681999,0.024992826227234227
0.11320857121415101,-0.07100070789706978,-0.09589565768928865
0.09063139557352429,-0.010392824486796903,0.09229654468889376
-0.039388985991298045,0.0037378701655923496,0.06044893844999788
0.07958136213331757,0.511143310897247,-0.09585780199079405
0.09026653168178918,0.08770688829805347,0.13130310637639966
0.25573980659732415,0.20884474536348552,0.13233326283882987
0.19013687769060006,0.16882270839506613,0.11833724676057256
0.1297551711598541,0.1898005890314296,0.30938170708885937
0.24603039435179647,0.20744258303969912,-0.11563660186127421
0.07983663298903751,0.2398063017894666,0.038976696024288736
0.035194145360957316,0.04477123296679206,0.33447998869385437
0.17949984752728312,0.0877904352630164,0.13065258641080707
0.17309850548323735,0.14749593091008242,-0.1290450124116792
0.08028828801052354,0.09816299516965668,0.07666537637992668
-0.15410237802086596,0.13253210534469667,0.11047683550428546
-0.005958060402617704,-0.04736580691692962,0.05051492135644302
0.2904267728168712,0.0585350371708345,-0.03206300752986809
-0.06048749782350428,0.5114225793263282,-0.04073923933556462
-0.0796888022851321,0.06453096507135896,0.1778652501291836
0.17909911376143975,0.5852820634754035,-0.005454380200176655
0.08249901674506566,0.5617888417628926,0.527625180719409
0.536606119692625,0.37694331476520937,0.3814091787884903
0.23368204835372233,0.49951573267603555,-0.0024126990770983042
0.06627301235470873,-0.08044662667039712,0.37901652571902317
0.2653361508060082,0.17123977103390486,0.01924893628779402
0.17026297870772683,0.06719183341126297,0.2212852598499045
0.3493940467105228,0.23425828512701163,0.11888574981614543
0.17955853468186025,0.20916176919243112,0.23582981688191473
0.1353539765878829,0.10123983761714958,-0.10953922153478296
-0.05523723289739801,0.21422794029679726,0.12612879653142156
0.11881520699103917,0.06473661705012969,0.033292308448387986
-0.10153376340544434,0.07928695098753415,-0.1103587825503223
0.0026787409464791093,-0.09316477286803693,-0.1097879107583798
-0.2120734978160812,0.012716224951741066,-0.10535354806374315
-0.06507627721605355,-0.11621867282425064,-0.15867283647308675
-0.031143609143522856,0.20859742170611595,-0.03060274896371791
-0.16843491056201482,-0.026551165856786657,-0.03743039120373117
-0.19690102884613178,-0.06545527893195435,0.06111689694479655
0.07169349172252086,0.12513029393995223,-0.18473551458127047
-0.06875105394148015,-0.0029001742407524095,0.07166266584667508
-0.04534319833267399,0.14896504398867022,-0.18117846517690017
-0.01499665082695456,0.046139264252964565,0.11028053620836797
0.16496886149749895,0.10902027985319737,0.2125580039535679
0.181132026563214,-0.008804314047445708,0.07876992324774659
0.2834730194231061,0.26619973239005873,-0.04439555897333661
0.10090211545734756,0.32916756376433093,0.33334793320098366
0.263334517689027,0.03772032070655282,0.03000234486895946
-0.07181946722862366,0.11728547778068268,-0.07193533150738625
0.262072906275745,0.14975667684740046,0.2027008078419569
-0.015968119186823657,0.07299868590809783,0.11455858432128489
0.24370909367835333,0.07118075635715534,0.15215754042734983
0.24665787055031402,0.24461224439361262,0.2652809444287455
0.2055258746631819,0.3654589264191165,0.26282130961812633
0.053301460361748876,0.042519888565520206,0.060398157740447045
0.21679951046870133,0.0380227755069061,-0.28645376192553307
-0.15952067360485517,0.12052438111211894,-0.10537040374397863
0.04968924305565145,-0.018281571789911057,-0.006282719560741563
-0.03996801814010333,-0.07325750946828535,-0.07717121211022591
0.00795909127260161,-0.11163929876775841,-0.09806923218961826
-0.13956444997908396,-0.1315360452608069,0.0032703481976002202
0.21654004318245962,0.30328987089578086,-0.1464731301364661
0.0024565288680956573,0.437511207689893,0.16273321316886494
0.3908151091299188,0.2084476003588917,0.2623972391467736
0.2566829606712246,0.38954659608268094,0.13035155333572646
0.35375274681996305,0.061239493457074134,0.329905191626118
0.29903893718509317,0.4720973889126826,0.26890144967953267
0.2623784056391374,0.38350575677808246,0.5175248184527669
0.39966052271324165,0.4928219744199238,0.2796986462213553
0.20987199376619847,0.5297394821737632,0.24360505675687277
0.2358797263677078,0.3678518185112034,0.4255438709452794
0.1256437281774669,0.3474649122367634,0.17371434549036574
0.33320407962077697,0.17313291536708883,0.37102674483704
0.32960695244884164,0.31186899560731884,-0.005519123129403461
0.06612471485499802,0.46392180281990447,0.14989252877316978
0.33411214288391233,0.1389432281532727,0.1640765408975351
0.10765194059930226,0.38383269880905535,0.2982453614180691
0.15980776447084105,0.08903061285572696,0.24981269574330384
0.010682677450709777,0.11899259303942213,0.04983430666967681
0.13697262901726462,0.19903630392363503,-0.10649993830137572
0.013756199917171585,0.028877684698235775,0.1493751641148428
0.10515125927945312,-0.12417974392477067,0.07275052598202135
0.017698839492666818,0.020061806990912548,-0.4493302621793619
-0.07866032180281496,0.08189281617471249,0.0030688463820568637
-0.09202122652435887,0.08426130766765516,-0.03864465906223831
0.011072983372037944,0.15997134813134187,-0.010130984625748032
0.11038178045646035,0.11441824489233857,-0.017096481012690908
0.12446899440675435,0.2627065411046649,0.15832156383790946
0.07346198598857129,0.27716421836620775,0.08385992002265055
0.0842329855866057,0.22124338922081638,0.2389934190981523
0.2429660079447013,0.1663664493744298,-0.10062024028118946
-0.05716972291691205,0.08773024054514492,0.011474227219899574
-0.07881798858738316,-0.025657318916883998,0.037399543235977425
-0.22293539589324748,0.05401638037283714,0.2374641106154555
0.2780079196710602,-0.1812186728280244,-0.06574777520760358
-0.08284469534568784,0.30452544486199157,-0.062317742013564985
0.008193803195602561,0.13595842355876395,0.24025326256352642
0.29074431546948354,0.07766275623393,0.2679728755050831
0.28345072895117146,0.1325600646726433,-0.06354910366258243
-0.042953920433018336,0.05119436629240104,-0.11996183407800483
-0.25717873290297655,-0.03179262962329697,0.03927866726401648
0.046735945209221114,-0.325791508992058,-0.08229639983058375
0.049884547071626574,0.002867388930979365,-0.4508055389629409
-0.24567489901931272,-0.04300964692041478,0.0034572291553039564
-0.06288410338965982,0.1819983287937559,-0.08810562092327813
0.04630484323504953,0.001789730327300832,0.10994520143779092
0.15670472268059646,-0.17485583194624524,-0.06304736075257342
0.06086749977934353,0.2192300049318111,-0.3634150756793673
0.09958076927641768,0.06741321979367886,0.6420605208046118
0.32349684109200405,0.2656104978903026,0.20142393428028432
0.18595775858264746,0.3895073498340518,-0.09021039513327106
-0.008709551796516815,-0.0004159585738045535,0.5105210049162432
0.2178856887778915,0.1063864142116141,0.01614824385684138
-0.009145649442870801,0.27235689892273796,0.30431730748284297
0.26915658526302233,0.22674362503281423,0.2788014197653775
0.25791526687447497,0.13386538483503435,0.01634903611192983
-0.10238823149596346,0.23608460069415657,-0.02267268922380479
0.04139440506003821,0.1316917272134936,0.22286667756870385
0.21586437982757023,0.14335879679168845,0.17793544543642492
0.2483590323381213,0.3144666507453544,0.18856555078930604
0.14636858665307978,0.16959153523161197,0.1377498145684951
0.24927352611012793,0.22202130539681803,0.1015227413995371
0.16799874873196352,0.14429937641359603,0.38866994438883706
0.32567689521258536,0.25156072688245434,0.15250102580121613
0.17857005536690626,0.42664309234446457,0.16874702787658363
0.11575814173563412,0.10741228451935335,0.42183510463800683
0.23078680583948996,0.11452795932739342,0.21076189954797248
0.1445948295232542,0.3701561852861561,0.08515292751917478
0.017185024569397772,0.2250006096497828,0.18323800848262545
0.11673178649309691,0.11568577793751238,-0.011582876812944648
-0.09947143316804377,0.24076027317060805,0.18248105519117297
0.28986953347209066,0.12505107547126657,0.0563441583722777
0.07896770025655742,0.2721831092040847,0.15346123604577042
0.2365932843245478,0.13481993470656328,0.30388076352824406
0.41730079781521584,0.14766101314470065,0.37690700500159413
0.5789003576395698,0.288552520342631,0.24178304427971992
0.24858138180075212,0.18854854915055722,0.1905816575864375
0.11588918499314568,0.16995138599933468,-0.1530837159527682
-0.10443529065541539,0.2794385665245104,0.3010015899823385
0.342366581243272,-0.1963125682059137,0.2983313349764283
0.1260227754678067,0.25204187238285863,-0.16349662924922964
0.10238164240704027,0.17756642541651269,0.19265803501537893
0.17290187440139934,0.12268986030015164,0.14826882073174782
0.3380388605429201,-0.045733557372766354,0.0919763657502162
-0.003955448951092164,0.21342653074755116,-0.1029804259394454
-0.006718838266202943,-0.052275593368148396,-0.01124751338332633
-0.23489877161396847,0.04737549572384502,-0.05936448306814425
0.03895742571278048,0.0675448978953053,-0.0005336322024532686
0.06940197671064652,0.2226029654942467,-0.20129786566055807
-0.06456861253221949,0.04763151643017309,-0.12661165329083918
-0.2146747304560965,0.16929592964935564,0.10729135776700954
0.21639467094726056,-0.13164790135105015,0.033642524444144804
0.18601130948049244,0.34283971518094436,-0.061713266421873
0.02367626919132798,-0.0913444111659578,0.4593852585518413
0.23009246334287,0.06340741902990457,-0.20531029208083004
-0.2346232334447306,0.13711880651333655,-0.033740583411943775
-0.027259077044760004,0.10369288095181559,0.19262135748934772
0.21290592670495292,0.08231570561410798,0.18321374301463905
-0.012945638003784843,-0.16260814742356675,-0.05137869622545928
-0.10976684602197817,0.01949583499435554,0.3205284129611837
0.33729211235327383,0.25711524635261135,0.13418608807751378
0.29058597250391904,0.25475806914053956,0.7773600354683963
0.7031545992174129,0.21564657241211233,0.15800038171562625
-0.03416586400382511,0.7128710428022607,0.2326759974537853
0.19086530004010613,-0.04073802353051039,0.4366020637007239
0.3254856940994673,0.332071220900557,-0.17181150509819862
-0.13446162501291534,0.26190137006226943,0.29465133927294723
0.16245951503624795,-0.11560752260128904,0.12089032845410365
0.14299856860785515,0.1940707830135037,-0.16809784992499627
-0.07613716702291792,0.013703211468521242,0.2364379836990075
0.16851558039018946,-0.08002981647632598,0.084021026871857
0.26739374526091275,0.13587362530336922,-0.06089902463513407
0.043255755323545655,0.20080311211403928,-0.07758443979401317
0.28026723291247085,0.14462696010218917,-0.1765031949821882
-0.1011677271954248,0.16072654485651286,0.056105962314724075
0.2438643561861547,-0.13008237115094584,0.15070735539208058
0.17830962129794067,0.31679427895476314,-0.06816109635720902
0.39538848998990994,0.08360690486669595,0.027633704213648424
-0.02140238610478184,0.7594976730124703,0.13100165203596764
0.4124178420194011,0.10804834268160685,0.42339218716000887
0.46355170807881474,0.35622719869271563,0.6289904083294597
0.479931197521961,0.5149524882617779,0.3107330166290153
0.11147721782089481,0.28013954000170693,0.2439125249161536
0.22311655328395183,0.3174476903003183,0.02127017903918607
-0.03810213559939503,0.13870526415577936,0.08942014407003274
0.3637229954796205,0.13829178884092486,-0.21205601597560242
0.10491251882440464,0.15931833720895341,-0.1493297251690304
0.013247671391742058,0.17905040679413464,0.32610911588892166
0.20805358966946724,0.22773706051211023,-0.06839694722069176
-0.05315121325972902,0.055069639028486106,0.2739758003096246
0.17460729190766433,0.05295406816700615,-0.02329461733406117
-0.011944637753209988,0.11795825670488334,0.23046323008099373
0.1273138739475312,0.05041604602467093,0.004722008078340667
0.07890156328040439,0.11840954699958374,0.00278121582325154
0.08896643626494222,0.09957190249648883,0.24881700121942257
0.10421710266897434,0.035999940797088556,0.07764830286609808
0.1885304617858895,0.23248267197645847,-0.015357593032851877
0.2897059153657353,0.06782218551401445,0.20753692960294523
0.18112420831868448,0.19264118355747967,-0.1039420219093557
-0.04406572266051567,0.24944987919346875,0.18573712316887447
0.01349345756725602,-0.038504403722484336,0.09154959970885458
0.07074829432359978,0.09823658510307202,-0.1402941459166176
-0.005901051894459539,0.3997591380565319,0.11848136677517541
0.1502987683032699,0.1404531973081323,0.3733117637069972
0.3762888638500859,0.1494823643923173,0.22677204741746715
0.26117084426709336,0.49309875608952536,0.03773995407522427
0.21601681966625133,0.4975940857037624,0.3088779936255045
0.25584666955763263,0.15871354258353237,0.3613420481733212
0.32101800423682186,0.1060555545338587,0.028956759245909187
0.027067358681580826,0.10680299302270382,0.07580894720345115
0.22336626870234547,0.15119623963683337,0.20495320367561276
-0.11972132916504562,0.10403804065385724,0.2229064285711635
0.21549250906721396,-0.14366408119559232,0.39167072376171935
0.49589796840698447,0.25991876658021695,-0.018484271468448804
-0.13256874132125124,0.1775146104074623,0.1405431630369731
0.1760874234550558,0.02272145268519961,-0.2098701166682938
-0.026951426613659353,0.29940380246747306,0.17642060241587598
0.09133936268742951,-0.13238909020569825,-0.0037898520059276297
-0.03560218897858694,0.2931938891007306,-0.08395594397473025
0.18405662956628197,-0.03266300668839308,0.18847529554576647
0.07500975116901654,0.2303549945248363,-0.009872502259228477
0.06472539294449949,0.2297254343836409,0.20240106131241098
-0.0420361848269698,0.12723290709195195,0.10709443406290593
0.06790041640703208,-0.0014075963133350217,-0.21761570963455956
-0.10550746447192469,0.11503633509138343,-0.06914566367245106
0.22248823216086366,0.08786244313310476,-0.1794711605397486
-0.2725204514189321,0.004739982877618301,0.21057086537758207
0.2462264300320101,0.3541098718651649,0.0730477994111153
0.04763458184193642,0.30133519678099446,0.11732516767552553
0.37404724114263227,0.0037160412166625523,0.4393643823626522
0.6039908763996448,0.4026588980075013,-0.15411042717040413
0.28483963220416897,0.37372992539344313,0.12651662514548973
0.35109124711983264,0.13542150804653025,0.29083580854052804
0.23294912963051131,0.3001757651080212,-0.0325487752402346
0.3442035289087597,0.022098864017697256,0.15571295698004806
0.20517253132206972,0.4474228069814923,-0.20157120966545033
-0.17648791235914563,0.46294283491180044,0.1798082600582781
0.07432258081201529,-0.07167033339574999,0.4491147621041563
0.4809007358849504,0.07089772743756391,-0.1865056999952454
-0.01932265917764482,0.4227610703341097,0.12718974035257494
0.45714459742696434,0.12272502831382742,0.440427170428448
0.7487026829909973,0.43568586209607024,0.16192635190903862
0.316730960857198,0.3274281377049987,0.256960990649605
0.15473486019389698,0.29550993691597455,0.22607304721070617
0.06724947856125163,0.1665005815216998,0.23209009152242802
-0.026023685053078338,0.16312582539544818,0.19072524421874942
0.020983126314753957,-0.08198309022869735,0.07896220254283925
-0.08792157581134946,0.11286681724499789,-0.17628842236806336
-0.020026072203691986,0.06467585524960166,-0.016708443897502583
0.14612073797428524,0.03616506727262303,-0.052580618901282475
-0.05018434996923132,0.17758821795628138,0.04641086885959128
0.1509412608676666,0.11345007792052816,0.22033097086093986
0.22426198640313647,-0.03908560430847101,0.32589645193058614
0.38131790157016743,0.13003603078715337,-0.022860907127390237
0.11420391337927822,0.28658247830222694,-0.0044966226202926875
-0.009964187743827485,0.0946887164492078,0.16324205505864026
0.27102817130544815,0.1528467562830574,0.005646649343409013
0.1562796914700464,0.29089006729313344,-0.03705041964384484
0.10402158669945277,0.05538254155164957,0.0020675715391591624
0.2357188816964782,0.17816424635574135,0.290799313015656
0.17642659367204652,0.3281402891794531,0.3023837353584132
0.504043619987776,0.20464239389397754,0.17965255843862984
0.27709899218901446,0.4966295154786263,0.129564917009849
0.2617588039689894,0.35092039502292155,0.4679460247689159
0.24146642450114547,0.17185810296228068,0.09807834309736137
0.11536332792904486,0.4260327323032391,0.2269375773903768
0.217288433404847,0.22049609341344728,0.45064959497844403
0.36261511211234415,0.0876348575431531,0.14451871240144545
0.26383113158189675,0.1555220581734713,-0.33305466466594746
-0.09643909479694146,0.2873945653411475,0.036422503989481506
-0.08893672034727246,-0.0024544849457372314,0.21609536334452834
-0.059568851677034615,0.09170413618362216,0.058562707529093844
0.08717269990533079,-0.04136434113186866,-0.1019770776275189
0.12413679637161605,0.11974127617359807,-0.11312983877277843
0.06410967390181534,-0.013846614459328402,-0.06258922360047493
-0.09473719616873509,-0.028312981575335266,0.06133295450133439
0.14219497521622043,-0.06424620776852513,-0.15109717924637484
0.1567859093725385,0.28599878270448215,-0.03677620724501717
-0.0019109939895343014,0.5588342036039194,0.03237506116054795
0.019887846010441544,0.012334675995793937,0.27239685442336437
0.1400446116037784,0.00019935117657034207,-0.040178560897423485
0.009811471647946617,0.14361711781424377,-0.06734772801967102
0.14364952199504705,0.1324506645001598,-0.14436177778900794
0.07681469778213162,0.15337031956566088,0.11916684838083129
0.16572170940129838,-0.08770167893234505,0.07793516951617616
0.2288557468921393,0.20991950446754554,-0.44761967976397704
-0.3126675886376813,0.13493368374267878,-0.15155048604360466
0.24611947555831265,0.002878198641421123,-0.11173048076802901
-0.0670796406410669,0.03372469951595419,-0.17370774138396633
-0.18522378749696614,0.024874556012585786,0.0609392253837083
0.21708379032969066,-0.21079015135134083,-0.07118535675863032
0.28147026441150075,0.36444301036124327,-0.13935565469833164
-0.0552344088756838,0.1312941368307688,0.29933731669189423
0.37195048989892354,-0.23997677373917958,0.2614212946080907
0.19586267746195668,0.4294046534821527,-0.1802793143268085
0.04697711509461553,0.2537684770088857,0.033070723138066346
0.2508347149292283,0.27680811035392994,0.20411198570676484
0.2232308263646985,0.07790451470243696,0.28457889908985123
0.23521250805844213,0.11220112653594964,-0.07997170753746433
-0.16370934229532896,0.3045539979534586,-0.01329792132978444
0.005850434752596723,0.11350377759047131,0.128244496106591
-0.05286720137940287,-0.049834322102212864,0.16930196468922104
0.3084507908710892,0.10237446556010771,-0.0018869509286439934
0.34408267316866437,0.4890859998733025,0.0499567970703592
0.2361198077528141,0.18084160571601157,0.1974356987337945
0.7262645457800718,0.272061664738669,0.35667902417229613
0.3113005581066981,0.35640570196567684,0.05134994015467613
0.10655262646876232,0.27450025269457196,0.10773003198640876
0.292419323772131,0.11627953890182785,0.17845329024001194
0.16157087824339333,0.18002607558824588,0.2715086357614282
0.10032242186876537,0.19109468641203806,0.09949396927822357
0.10886195084921495,-0.0628191703966658,0.09886394015209328
0.05757894017510731,0.00831626615040866,0.02579611293552811
0.07785460544466016,-0.04387571245110816,0.019557864429103816
0.10944537353439537,0.34397268279510435,-0.028810069349141865
-0.021488087651673857,0.262427186466728,0.11430573215934156
0.08847191818104533,-0.11719706517766881,0.26915235728904746
0.28292952473452165,-0.10126562159748338,-0.08897136009770544
-0.09888113084589728,0.14631805563479267,-0.17540380263314567
-0.11096889190552076,0.22517913174026966,0.09330543437027719
-0.0010892396251635517,-0.05461217652086291,0.21427962588648963
-0.11422471775547582,-0.10900201007434383,0.06332049093772171
0.04558918245381542,0.028618266391451444,0.10833317132231672
0.2597187830446638,-0.03952397692228554,0.09083021849708853
0.10858736309961531,0.32045967715181567,-0.1852110431033036
0.41293284088815374,0.2286114240350945,0.25389868174291
-0.01928031530585754,0.410862381516441,0.04063276805588195
-0.025319337904785067,0.2585255872193457,0.21677585436285315
0.22036854398467617,0.05351770122876155,0.309674857969159
0.1784226785316786,-0.054572931451638274,0.15833066286164338
0.3303478954052662,0.11341927634625297,-0.08566666196541628
-0.2235959671702028,0.2861428288193005,-0.019704422354229915
0.04910921911303383,0.08951555038416467,-0.07635844507911527
0.08704751072801001,0.07670183952662867,-0.12365427982158783
-0.17462343618608592,0.13882007818497138,0.019162750885580247
-0.10855741821944723,0.006584489198408688,-0.01796912001665854
0.03313000360962794,0.08932288126476891,-0.17487789862146352
-0.1486230089905453,0.05139110552316506,-0.040307576090404994
0.03605223853033508,-0.16906684199093755,-0.08102306803959419
0.021195570356465895,-0.04264020994003928,-0.006753597984482395
0.13441550078078388,-0.11236832374597598,-0.22565362970426847
-0.07337611777419101,0.06310758056428777,-0.09970432106949556
0.004761628831467357,0.1257737837877903,-0.21378316956133553
-0.23855509056264967,0.24633686140987013,0.18207045483137746
0.43119366637186207,0.042693143106009565,0.17149920969306542
0.11323284880642186,0.3002737985782061,0.0830320342940832
0.030334829974466238,0.12940612158433912,0.13981850905034984
0.23080925073043965,0.034228493543201,-0.16610827527233293
-0.17568527086335597,0.05244411997950636,-0.017128315106998748
-0.01449155222651706,-0.03123429403892674,0.0754639141243223
0.12141294064912493,0.1920706457980598,0.16328716133493482
0.18562657725558684,0.30980831217516047,0.23836340794715433
0.3503634923387059,0.2709326407426125,0.4742597238537293
0.30182047788550664,0.2524087971958103,0.3041028483494703
0.4662019330785723,0.23405432775902205,-0.06714578950356975
0.2284114304169466,0.40763230728164157,0.048468977486835194
-0.08593412527518783,0.2302032834461988,0.13515266892797656
0.07117649586470376,-0.1369248530068664,0.12690388704556188
0.27519761434979484,0.1706867793553369,-0.0005535978003077674
0.051829948831227185,-0.03041096984677817,0.13245497281436974
0.055735764255331145,0.14157605826705522,-0.08477147009314728
0.017126552652878824,0.09470059592103701,0.3336885746268663
0.34792579769412474,0.016860166984948632,0.004670818605965132
-0.06341839674019485,0.39695480016079615,-0.025846479543792766
-0.07671550434707058,0.14091576683633428,0.0777885959310845
0.171752310366573,-0.08280412571083323,-0.017968067451944403
-0.057199581509330646,0.11843144262197776,-0.10492173781744898
-0.14112149236957322,0.057413050732910115,0.022504683128614655
-0.06397771935419005,0.035363667263625845,-0.08832276155725213
-0.18462303655042384,0.04568987749613784,-0.0812148080083096
0.004188076047885691,0.0021256074787359275,-0.15270998977586228
-0.08653406226593555,-0.2697689520516744,-0.009384369084096816
-0.09180604140167423,-0.1598624130815619,-0.1767370205749828
-0.04051715899423686,-0.03396752208754066,-0.294784111428819
-0.1331874185658921,-0.20373590406221498,-0.1216517701817176
-0.013007900098832126,-0.0427133265076159,-0.3103978914639963
-0.3590043467110407,-0.03841601110244147,0.05443287032052334
-0.057037447545138925,0.05842365964897833,0.19706705202741254
0.5577437213919176,-0.017429897195327247,0.17846593270485386
-0.10609083639195208,0.6252177737031778,-0.04857276148554629
0.07869836148141528,-0.05135527858720222,0.5238197334189116
0.5184084688951421,0.08014038790275313,0.07362514785199405
0.10738978247343887,0.2772438207278086,0.2919344354332264
0.2591820401847453,0.26617300536256694,0.34995236364541016
0.2641791031325222,0.3033838183788136,0.43373228409839404
0.3646493022594246,0.060798567926375696,0.07597812133088122
0.2509089712683691,0.20111620316589357,0.1773919397196883
0.08642071110877306,0.3340976754883933,0.03296015901477087
-0.02876294595673412,0.21278321864277172,0.26023967198538644
0.2709191910511767,0.08624971665050314,0.24162420468434231
0.16033581727952967,0.11579380518440342,-0.046045740956886995
0.13979849822864915,0.09514140572410425,-0.1473785699269317
-0.18043910873988916,0.11622058326341653,0.14180885133001364
0.31963107689554643,-0.019127944961552068,0.38696962365993914
0.25672832619800995,0.7129580231266086,-0.2335416895711591
-0.317065673916726,0.1691871434754973,0.18761800658377137
0.4227725368786983,-0.05980808907816114,-0.16009956926751234
0.1003895763465967,0.7979057115740306,-0.1802822527035866
0.14173175118743453,0.10919577345035703,0.31610868514006896
0.2763302046857429,0.2456633516939356,0.0030562854644947644
0.39905702355075984,0.2323395095995359,-0.036138652245458425
0.28902549789176685,0.3198114882870166,-0.037539586115710455
0.03839249406117627,0.18403124324641112,0.44537233018814987
0.2807347430189865,0.009322950291310056,0.23641124185753687
0.06568555626529358,0.1050267871456507,-0.050042233287808116
0.129155676083327,0.22529799307338147,-0.005395648522588739
0.08239894504311365,0.1425776496052461,0.08996113098664894
0.20954311912169654,0.11779865796046134,-0.10415706561683107
-0.039883900515987954,0.155550090429192,0.25297231250633545
0.4095791861782707,-0.19085202118811467,0.36674157209365227
0.25077919099834384,0.5966633313935509,-0.24386055256068445
-0.04245642785717238,0.47462017115699107,0.3376529864206949
0.2402560122509182,-0.11601620463803833,0.48092160110030013
0.35596236369694695,0.3202769285977436,0.001440275254590978
0.027542583061381368,0.09311571659999027,0.16571596741724703
0.29119103474734975,0.13980089395746814,-0.10629522391036339
-0.3645064248084176,0.20414846474998855,0.09421844845389675
0.19892058053939907,-0.1780199167669092,0.2716795992744958
0.3319071482208471,0.13673381829134473,-0.29378666637787487
-0.24199905153726314,0.37906317781189713,0.1564752102360612
0.28908891764293176,-0.10622335430993596,0.3185275546206582
0.15004407587711643,0.11976747649947397,-0.011395427783522746
0.13172093143160227,0.22255690740636636,-0.02303862541785004
0.13052694835450174,0.02812119022593086,0.04920879053849776
0.14405134638180012,0.17730495975311875,0.2527005850864256
0.4133777563538813,0.24701624056177285,0.029519229011375596
0.005570841529732638,0.3555841590808875,0.01542471379260374
0.029754602352939495,-0.06143130768051767,0.3712889523775252
0.18045633854897147,0.07768583893977973,-0.25431265319348234
-0.07936262387231606,0.22329450652547334,0.14804383312442895
0.0025965923785305073,-0.05956321078430536,0.17020667082691024
0.013666666009222436,0.053429419928932895,-0.2532215916704248
0.08983598530785875,0.2588420497804671,0.18326095465615747
0.1553053248835759,0.5123000320454849,-0.09588082717958793
-0.17507871144774304,0.07962424187801573,0.4175630991669956
0.3176963273308466,-0.005815156961621201,0.14569536358312812
0.04298435358646525,0.3741919626274263,-0.15027261685985693
-0.15674026451167564,0.10240942050645077,0.34420203950149086
0.11381446153563374,-0.04325639712962097,0.011263875100830448
0.1236227257506368,0.20973351719878908,0.05110711953988943
0.020598024919648246,0.2801209731042401,0.12814311776202716
0.021179024484913975,0.10660198871607876,0.18010005941570345
-0.043333073305758335,0.2621243462146178,0.07544790326648179
0.17938659021048714,0.44832746411963853,-0.04639620813787795
0.1008076505271401,0.06932131758654886,0.41219179414869345
0.12726068651927136,0.13470046651787554,0.08294095506244872
0.09248032056813917,0.07037525843859306,0.03462376636175661
0.007928622154253898,-0.004856596520691092,-0.1408041416517039
-0.003028551922203762,-0.007298054052293876,-0.1539484217502215
0.09780800451860179,0.23544599937866434,-0.22738509363290557
-0.1824438594706242,0.1277082938934137,0.190383096141976
0.2281170971044474,0.0434030473604594,0.17842236005810547
0.25750178868003454,0.40314538201267924,-0.14513930408471498
0.1755583347612755,0.5004856463531723,-0.061969209373567744
-0.02108832241158748,0.31361999588617334,0.34701535470036654
0.30576115104087437,0.020969310276747432,-0.01127419500882626
-0.09552161346026967,0.1960330815259839,-0.08415988622633681
-0.02775963629529115,0.04234070717277362,0.008368653619488669
-0.0536026716244457,0.1758384257319734,0.05375907286574918
0.04727540794423295,-0.008865937554174835,-0.015234461665669413
0.07566866043359173,0.23906530733459458,0.003696306191057326
-0.19730341643996685,-0.08689610895744815,0.19510005783929546
0.05171324928875613,-0.07967605088616808,-0.0020334155986177667
-0.061334069646701204,0.17132435115197575,-0.21773475835334782
-0.06485487280921651,0.07553128425013206,-0.0027664795847702206
0.02086247196237049,0.22072228734177524,0.14762515802692305
0.08524814548867826,0.24864599863931647,0.3679542586575256
0.3195010981284434,0.16585731828777509,0.16535823509486364
0.30471092860386106,0.2922879132085653,0.034949454639771435
0.23754442638313275,0.3191024112655862,0.07991549798784761
0.24398508543223504,0.48932705882457395,-0.00891808298539716
0.10000457063880763,0.3250817629038012,0.3834051332666782
0.30659409497831436,0.09058217275107719,0.39872207077203936
0.21600555883287276,0.04801271793211624,0.23098522815216316
0.135098838344759,0.08069275871247515,-0.15043388434021499
0.07005153581890283,0.02620608546119932,-0.0311093620490311
0.06346608490914499,0.4045926504867443,-0.0694198062038418
0.018731137733952602,-0.013672630512892262,0.1258950883522626
0.16948514042135226,0.030142219967848133,-0.033690242163600614
-0.1483903447470048,0.38210555047227274,-0.0844709206395432
-0.01856647519803553,0.005295516827407726,0.12119326598746732
0.06204845438588764,-0.1866110116650019,0.35407637683801074
0.12891475248690393,0.17132402050193546,-0.23905259705459908
-0.12877766346857103,0.29957851726747736,0.06287545851584764
-0.08995084243399074,-0.08821546133455523,0.0025422042241658727
0.0827345076429908,0.019291860055594648,-0.22304204528958096
-0.15036202473903906,0.11828112282925526,0.13467360470256545
-0.14992768159006714,-0.030228950863309713,0.23705833799602566
0.048805488824292254,-0.0007817444735449472,0.05909552321428074
0.0948104542118072,0.08311246513715856,-0.04198693609240639
0.03039242889250549,-0.009231791373066026,0.00800474463735943
0.13434591040062965,0.12194708584882662,-0.15275988852787356
0.2258571507413355,0.1049408833470738,0.37191909023104974
0.38534063216793585,0.12804586629749978,0.21485346329072863
0.2697366841947152,0.5787114542434462,-0.15689715827946085
0.03629398043558075,0.06654244924831124,0.3352930573389316
0.33378820673424775,0.0541919548338389,0.09823324991139064
0.1373236737105803,0.27978790026639544,0.15048549618833126
0.14164136346091513,0.2863119069666423,0.01168458081497268
0.0377134727844025,0.1479701055365226,0.06597339772424912
0.27172269124190174,0.14669970323446785,0.0184651511573784
0.03795181680718915,0.16063451676811452,0.22915412428176268
0.1484920287529466,0.20481729441605134,0.06537352858487422
-0.03284755346873704,0.39784479168044345,-0.1463751767682287
0.012194877875088654,-0.12377027908802385,0.16044156959553602
-0.035961932294679824,0.32256707456931377,-0.29358359406179946
-0.20126919647014943,0.1358259776752524,0.31122902410793046
0.30752442117205486,-0.011726777603684048,0.3086095261484104
0.3091331932134201,0.30466886162484685,0.1893117761631284
0.3031794839095408,0.18991087774003604,0.5619228822350272
0.5913634621643069,0.3566742686099595,0.22122791779147727
0.26171360495055296,0.4008316099314976,0.30792901400958084
0.3635476027448027,0.16470927241638264,0.2537678646275442
0.4682219759263609,0.2590785763618898,0.00476567116662116
0.020370834812053096,0.3436663720715231,0.4733957477550008
0.38149218821470554,0.20390302290588683,0.3274292728981967
0.3301077200341319,0.21369237951133913,0.18761631610410573
0.04077473445867186,0.25681803071772846,0.22697856388139045
0.16964435976390005,0.22489522337232837,0.042210949504025985
0.08990525413363348,0.050555937197475864,0.10844262488088914
0.19892591952319577,0.332031065868257,-0.0969258287228524
-0.047632137511810516,0.04980888894378607,0.08578212755692673
0.2384731123165187,-0.0835867699448338,0.142625778177975
0.07396967103761982,0.18171701026227763,0.06019002199606946
0.12539320517003838,0.1369299557107078,0.14679584527876097
-0.08196119286450734,-0.018136374612356093,0.14763844553815786
0.26803550487550526,-0.08461426053577038,0.33364994456441527
0.5611782309491969,0.23564070177333185,0.05074924014056094
0.17414938957184567,0.22938803566145965,0.2083391338345485
0.028371447409974666,0.03764160475262325,0.18163032800861278
-0.08450113962682437,0.17537935716227626,0.07319845224552364
0.20807980336601772,-0.07221785297929555,-0.1442618675982117
-0.1544934798819409,0.2333045737647367,0.007168171938708771
0.0026073366649934093,0.0038477085320364757,0.10715707690542697
0.2507577321156623,-0.11653466108672608,-0.012965268311126633
0.10603199576560467,0.3602028177036537,-0.07938650343743806
-0.05292238301969861,0.042622459543503355,0.3114034717484766
-0.04612909392815842,-0.015442568201456598,-0.1030544533479061
0.03643767048862129,0.0964065781188311,-0.05639771384187937
-0.3009061929189348,0.4855167525567085,-0.21509017300352964
-0.020359475259921628,-0.14640110977939202,0.11771051079734118
0.07376700331388522,0.10165100834358584,-0.042058246168844626
0.052700733524893024,0.08359737318098522,0.10514161559431574
0.04164552211700153,0.15992840626325644,0.00426056797142127
-0.024958564473603076,0.19196010527985857,-0.23396310623044675
-0.08986142713318276,-0.16045019025827392,0.021382938739585917
0.2701622326252202,-0.11004793530643812,-0.19792493232113176
-0.022187864522609166,0.20169916334602891,0.20596582163918253
0.31193600138397887,0.0032855757406250324,-0.024151316579212365
0.04603680936801874,0.28425712244273127,0.09657086862833164
0.0890258202583174,0.08379882320563965,0.5165479664208854
0.23056113518120502,0.21351170604334843,0.20010909458569454
0.27826969837682813,0.2625836449132574,0.22254972197818423
0.10950629867109678,0.248704586801518,0.010901810115620646
-0.0601161118920666,0.06031518277936367,0.042307907154840604
-0.024986275109972617,0.07502638351494378,0.03567539914404294
0.28868514855393773,0.3221684056582014,0.19663350513282563
0.1812320533791136,0.35074977633115795,0.23834544943407573
0.09044409055264127,-0.016161353603913797,0.2098402511473642
0.1871422110682059,0.06999239970659377,-0.17976212184953055
-0.07073175806504084,0.3872190587741656,-0.027053763588589897
-0.03034813783921088,-0.018217641909796016,0.057486431244548275
0.08917912943400585,-0.11449144024488028,-0.026564023549413788
-0.049225145676506085,0.09908894459444773,-0.16333161038413876
0.014212327467631833,-0.010940140674894558,0.10263280160599172
-0.31684138710353804,0.2704538954043936,0.13753179028386917
-0.013411024474615077,-0.20793478559995437,0.14974124741664632
0.43163588083786847,-0.12419303972937606,-0.3187943883612484
0.20981802698468302,0.19016358206708284,-0.15795925065627892
0.7242258357991136,0.14283670798717327,0.19747250962364926
0.30119119967502384,0.4389235784958957,0.2655212313391143
0.11824595689546386,-0.012972263340352175,0.34665624925587524
0.15223610605291285,0.04585251448948767,0.13438318147253675
0.355760194877321,0.18129095386119215,0.36206817370966093
0.521226865682973,0.1100406332109806,0.013378452602409885
0.03168592481968647,0.49868487317842203,0.05751531678210091
0.04776422337972955,0.16105265603248686,0.24224535559871374
0.3620335029892906,0.32951161333181855,0.18219492263614023
0.2296426540925121,0.35893064862232527,0.3186285858289211
0.3076503841023075,0.3822799662343716,0.2813130770373983
0.2919357943250128,0.509202498670775,0.2858335231797605
0.7500810909745677,0.2071562099651037,0.6537155053934092
0.798422174329771,0.54061120661211,0.36368667114464914
0.2364703832778114,0.49815062952374595,0.5103795032157231
0.6037886182263652,0.16094206886387047,0.514823857936697
0.33731953333038095,0.26236628233014186,0.10463529749570476
0.1067695689662864,0.2943238113423545,0.2650544672465117
0.06835623932047963,0.022805308109955166,0.1512973380863422
0.017442186863498015,0.11451223777092995,-0.039089675151569706
0.18417237696698596,0.025691978598345214,0.2747064914497324
0.1799537605840024,0.1037515159658512,0.30225233211099756
0.1921735957895917,0.2545135120319171,0.1072083791360331
0.100816602434833,0.21324019994051802,0.08561894639815316
0.08804070402829448,-0.016834567380459547,0.07336446270413587
-0.026966496531855455,0.1337240817043787,0.052869696550256806
0.09075631836356224,-0.022542277386962236,0.0945376825604412
-0.05547425280891832,0.1822757112653248,0.1035166270252192
0.24251839359332716,-0.07514745720543659,0.059246532331784424
0.2325584143537218,0.32881002858424957,-0.1131203866867333
-0.09770986758551908,0.37994776075434344,0.10594979784254963
0.23209184651386897,0.012895454179066429,0.15814876018801372
0.019849311311745124,0.17353509269042025,-0.0517774532648069
-0.002151876180014084,0.11821738465684631,-0.2749133143436886
-0.15918862790171903,-0.19508072663841342,0.07885985910419836
0.4054232235605902,0.0966338466579159,-0.17037988012335814
0.051845032027332164,0.34190803106899226,-0.2516638438782991
-0.18108790883340295,0.20363269171012943,0.3805354527128252
0.5004567391028046,-0.020924733322071516,-0.028147564083716478
0.2042291272461752,0.27642278828899985,-0.10435410320185018
-0.24072019243033382,0.15772590109977352,0.15706268540090795
0.15834309766302485,-0.34511055862673523,0.12045006577589736
-0.05574526846347516,0.2529457747281198,-0.0724284027232783
0.044057359913589195,0.15076069564874917,-0.09697408532102242
-0.026839835985714686,0.09760521065921632,-0.15270251904883456
-0.08503153091480842,-0.024668784791019756,0.10961239191491531
0.17780425749991569,-0.1612218070982892,0.022159689097112856
-0.08469339896746755,0.49769869838188413,0.1995699528839634
0.0518385187191889,0.017652041183166108,0.4017872782094425
0.20265450380503616,0.3514588772931521,-0.06114292733551335
-0.06584724953277973,0.16561072373426572,0.14489954152559437
-0.05509885881584245,-0.03368860249653619,0.18366558753660978
0.1419950549305383,-0.1523988010505169,0.004816990209834671
-0.05656027386421654,0.03473649760591377,-0.23208444401037567
-0.20146370503498284,0.21299629198376074,0.002063379022501588
0.06519736999222693,0.03795344161372165,0.12789280794551278
0.3766752781577258,0.32687435716981506,0.18583204551831298
0.4055483178074733,0.7401954470189009,0.2944199060463517
0.007274627765260833,0.2616370607601529,0.4056883842709611
0.1887680243805268,0.03843498343230514,0.12715325521648188
0.27597239954244535,0.12134058072406378,-0.20090745268267524
0.11668567480441235,0.13575128954362603,-0.23764810020047708
-0.3205024399115385,0.0633429118203652,-0.10497638048506217
0.06692858685822316,-0.26849159393748123,-0.04697674036402373
0.11759061467501347,0.09484588206416984,-0.2694203767731129
-0.1856221002223709,0.06099091786503649,0.2052176079973224
0.1557739740558501,0.0007106412791700132,-0.19076048566125173
0.18325144114728295,0.22762525022782115,0.18977503747125296
0.22419275104055514,-0.03536508428446289,0.25286553307924664
0.33560652454335166,-0.043818566902448286,-0.18807929894088796
-0.03455341435166362,0.4781557261084318,-0.1810124365259151
0.0066188674240398315,0.17398853315454857,0.34821949916843603
0.10339991643075169,0.03480054593332946,0.22043930478117704
0.12575241606764803,0.1405531753020573,0.061602086041132306
0.3021513703485238,0.15467172998511455,-0.06666830787744288
-0.04418588466163169,0.28868081633059184,0.06462300589156927
-0.0438757417249139,0.2002149367400623,0.10925573732531285
0.13824355223891607,0.14059822061665272,0.06486519652519208
0.10808775512607466,0.28921942714586674,-0.017844589220558
0.07264895476490237,0.07855968978302337,0.15405322667022958
0.06894088399693861,0.18500414202945098,0.04747429291140655
0.0024838461568365486,0.03811502417649071,0.08572254656130697
0.25238548917777537,-0.00538332726410681,0.20486816683295525
0.14436501835121632,0.13612810810715456,-0.008652086782779664
0.02250749191693442,0.11839883024343104,0.0069209076860492266
0.1664504258627649,-0.003986909606081342,0.10491144874657211
-0.034921228755449396,0.12922762518260586,-0.0986357042282594
-0.059687104470637485,0.016665623150368902,0.22706303976875247
0.18714183075369858,0.08663902464782902,0.10875186765616207
0.07426823883370656,0.26301568962116484,0.025548186762667603
0.04161186588059651,0.20874460050151172,0.2295240393245233
-0.07636033507420073,0.17344473002941446,0.24852390849078135
0.2815232934082246,0.046668279114178375,-0.016598037907365738
0.16811593074226713,0.3110093106452715,0.23697549044699157
0.47002046092847855,0.12362400251570389,0.014469173258856438
0.08499680040117734,0.09372633986131629,0.20243253390873023
0.12589776331319297,0.1680693121991127,0.17594558127127888
0.1994720881393475,0.36961519173892327,0.0361051146291676
0.29937759046386997,0.08653908935838779,0.3640767102353728
0.17848224071982305,0.3858285590052297,0.24463686774174842
0.09744515448417444,0.3097686355399215,0.29852003916008735
0.3708699658973872,0.2710280696559538,0.10516324116262779
0.13109957327157643,0.23742580271835217,0.06516878326939202
0.04701281860080639,0.17422823791916567,0.020057935441754132
-0.09794301863859416,0.2709401642356378,0.11169982222443507
0.1631927156641085,-0.18074881594868153,0.09628368984013172
0.14164923320198697,-0.05218442970243292,-0.2372670291138417
-0.025944893495847415,0.2533132785510942,0.05982387647141767
0.15358188685840068,0.02328066421080663,0.24356140671090615
0.22607041588606874,0.8349099191838018,0.22252940421485481
0.19461755854084223,0.4243961826138429,0.7845585558752619
0.42291928027839454,0.7231926038218566,0.5435350499051772
0.7085641866555255,0.37786147248803015,0.8056974009871039
0.26653126946743166,0.4457099716880998,0.38059827186414996
0.2437423281041064,0.30788400091295676,0.4412388112001796
0.39790080638999675,0.18956929115198137,0.15363107318037228
-0.1425745837292961,0.14178560622241765,0.10035030245711965
0.20289829031603968,-0.03819328245375645,0.00044794327531245265
-0.029966011678080627,0.27370218148755576,0.1826884655975685
0.2729647119570163,0.34000206608918565,0.1476890782840833
0.03577740681165632,0.35739890374944083,0.35037766892972033
0.1697356397077809,0.006832797800328842,0.3364271957958882
0.1750890683718278,-0.13022162557175387,-0.07999114736885396
-0.13496970359628555,0.12392307441197725,-0.2895362993602149
-0.18589133907902647,-0.12572004324310224,0.1236105859525926
0.11931774066715913,-0.1922291808886691,0.026646840922396
-0.343397115136156,0.0001621015074900617,0.06239943254271521
-0.06841426457120542,-0.09144166195134297,0.08043174120192298
-0.19697206428581,-0.027375003088550703,-0.3460278961795201
-0.18784702709119913,-0.06735371625693856,-0.1746250577696123
0.24483604632314115,-0.02384157006107247,-0.023443681744642654
0.2552217312884333,0.05751335078616293,-0.17114520134250105
-0.3204533137564738,0.374141029601976,0.02797842806723777
0.10537597764232592,-0.12528981280459606,0.3743523344694241
0.28041968360697495,0.1409970575807093,0.040193274360901414
-0.05601969326283084,0.3278650461701934,0.06959148430722434
0.0479589532234754,-0.06420261722564362,-0.040445511829535846
0.0929343732283047,0.06786609238396753,0.20006673208882342
0.11545037467271753,-0.07950679523045565,0.041879846749811975
-0.02696410309932724,0.18948346285441997,0.08164562337511078
0.14331876235297344,0.2143677287096311,0.20891645957085522
0.03947824310341999,0.27372104316902013,-0.16505836019869077
0.33910356629068866,-0.03722390483577884,0.4491784707099574
0.4229536161707106,0.14607947696860102,-0.0421021486631314
0.14868948626242756,0.48684934596844337,0.07369981606039337
-0.05771480679920513,0.13702647124608744,0.24326655340303036
0.23308388932396845,0.15996820175263593,-0.06775840175535769
-0.03025959877983031,0.3812050548811166,0.11488454386063056
0.42018729020842227,0.02568399797637349,0.22305023371251043
0.11360975889127374,0.28000750334712615,-0.11465141382742092
-0.10528119150379218,0.6339461449990771,0.13353736997149004
0.06204410544116068,-0.20394063163054493,0.40428716917101454
0.32860989659737305,-0.01872475649793867,-0.3155000140745066
-0.04558830595784001,0.22515717583825168,0.09300068778659412
0.24167802590831686,0.10192028238088266,0.12628194428409611
-0.006691612203206465,0.3109111715143616,0.21269739577830982
0.11326278259620035,0.06331418084492127,0.12274140664041987
0.14451341521181657,0.12588191725672157,-0.027474726295404286
-0.11165631876634505,0.13600793817589107,0.13454026259783222
0.09135085908805003,0.12682275102242835,0.1801901219937043
0.024067821544019243,0.12390023581832084,-0.1853360500523586
-0.12755125492278005,0.07071137738152602,0.029709481306711694
0.19974244453323922,0.07438493362602379,0.018498410438777473
0.09748361290392049,0.301170438304408,0.23522734919413466
0.2108067920508821,-0.08969616017572957,0.25004695571412994
0.3528980865611855,0.6187086268518142,0.003991628421235641
0.004357915842556362,0.1474849399134982,0.20062274557103676
0.15295594859385542,0.010463685183800274,0.05756371675353787
0.010412961887378253,0.09333209604273086,-0.051546581986801905
0.113434304479736,0.06549857550431627,0.3592976432891074
0.38059226298442916,0.1937711815258331,0.05572727949710725
0.09855925979159409,0.21740054685074883,0.04184675027028986
0.1541697432338533,0.002854700864450138,0.06445506455730703
0.3966169321108183,0.2718342427250364,-0.16240397831368145
0.008520365338216644,0.2937667626739134,0.2774757515446881
0.06977782730175366,0.08965194415661523,0.33202565437201936
0.11620398362261533,0.05823635738269857,0.06393985683206392
0.2856514530545815,-0.025830331621805133,-0.004485091431488786
-0.17834207439084235,0.06445248399533096,0.2002606011609903
0.26906117688148606,-0.09896346927096061,0.05195171385980797
0.1302710019752449,0.28815523595921827,0.07974301781263154
0.07083693629446454,0.28849270139576666,0.3114207222792531
0.34969119780441354,0.4258995089156509,0.1847041141358358
0.06410299557433544,0.7616775470858447,0.29064895924081613
0.30443413069137437,0.1396209990449731,0.447250966942549
0.19868020802648143,0.056392109979578386,0.005260447558027098
0.043721698192877016,0.15980172607545953,0.3973894931586814
0.544990291232198,0.289271589242329,0.32397463233842505
0.1981377405539983,0.1393037314129097,0.042300096709527335
0.026996433865893538,0.22975791613050423,0.03939407149061831
-0.02265131366198074,0.08601870645913504,0.12311610648781993
0.30908288653795224,0.13968471908921465,-0.43015995126648476
-0.21628003718588892,0.24689387508682936,0.32293693520187305
0.14476046711032656,-0.057873140619680276,0.1917834941861682
0.05490904980661482,0.19681513521995853,-0.1496481808481963
-0.01356495385061611,0.19297231097225756,-0.018496219737085692
0.16257658881878315,-0.0019987049511732413,0.2914819817980494
0.47967344887474433,0.1847016783391492,-0.27530435612292203
0.06328560314713844,0.69374733732213,-0.09156579284270112
-0.0857925557227692,0.0076287381503086504,0.3767026388323648
0.3034208079178534,-0.13903728264771847,0.07751830643023677
0.12600460328217178,0.12904684119547435,0.036538755737743886
0.15587656434068825,0.14620842372014323,-0.07278134190483376
-0.18691861913393615,0.13378319453931292,0.009990738348576847
-0.19240874399736901,-0.06382912520816292,-0.03122292453080998
-0.05852056778698504,0.05601293127779683,-0.1240765642932177
-0.18949728778801647,0.13531322344524352,0.12680649716121373
0.10491489778685856,-0.10054419999207656,0.12463940584001047
0.05583991368628986,0.2667113367461041,-0.3059506607748205
-0.127661196604026,0.17100677778174445,0.1191859918955882
0.055654478760955764,-0.007877788212738032,-0.015016847450248616
0.027069385129990013,0.1398879096511325,-0.035044810516449844
-0.17375510788811646,0.28201847936699753,0.04702279444010695
0.0727525438810678,-0.04502189245330132,0.2450926486698915
0.28844563885486485,-0.12468131469032315,0.18396113662996977
0.17336631773183608,0.11780574078948457,0.14059250197960535
0.10487937795633706,-0.02906936822869527,0.23210870863588856
0.039866754473225435,-0.019776950482713662,0.04111677408638836
0.2160812422146669,0.03688110718770224,-0.09548607871274137
0.03595233870100162,0.06956703980447287,-0.07590090733237095
-0.10474343245937962,0.21183713911590346,0.08489173796923627
0.22143082625853638,0.07766246247497936,0.0856549724520433
0.1315542580618142,0.14570591874575667,-0.039544625018905155
0.49659728118245683,0.2557854432390817,0.19138003722740432
0.13381731321455048,0.5255555265207309,0.2073369253707238
0.423731981670914,0.46103367140860796,0.14237526467742306
0.09885282144577548,0.17043035585716315,0.1623131537177291
0.0699186693768469,-0.014857105568042539,0.3772227978167499
0.35168943109050116,0.008015835487454851,0.2912502879075771
0.38145210858963063,0.16039993892038165,-0.13088081521107622
0.03570595943932238,0.22410187277982632,0.2717304592312226
0.13076032286207212,0.12001338116649458,0.11843287841361816
0.09675048389581635,0.27059246454289365,-0.036242721323191625
0.2245288531862581,0.24277310049852596,0.1614540178874289
0.008498476270644251,0.3145437614640453,0.08713411281569189
0.07435585559778139,-0.053720001191348066,0.172837056953215
0.20449653959987302,0.17548096637484034,-0.09187509794049561
0.046640593679261794,0.34857047711248335,0.10376908338227764
0.29516741678213054,0.2304215154998671,0.33015067632285733
0.30242026817000456,0.4384586328574498,-0.18739743760452907
-0.020868022782751475,0.41910589022610023,0.25200657864841547
0.18604121007993976,0.13207570686437475,0.15390567261776672
0.2968992885413766,0.2431550310466017,0.1394966053464835
0.2773063200321236,0.15076736887851755,-0.1264907221749289
0.4066193651547407,0.5041408130820378,-0.046422002926953254
0.07206704849622876,0.1598328900167898,0.21925131325236877
0.09660381216288039,0.03519445218093909,0.12640029366790612
0.31394172045291835,0.0846516665932534,0.011793428892038538
0.38409690134405444,0.1495875790600667,0.11858351170231539
0.05526803120479516,0.46202104867378346,0.35125272948952985
0.5563644424579979,0.13063410249900403,-0.03659863715021931
-0.02575193528068094,0.3114415648003572,0.0158171157678954
-0.08637207196780863,0.009366376982212175,0.20237810224189748
0.24571330779181838,0.09449393152032334,0.10066869160550225
-0.046273394235052695,0.21204680151886518,0.006753953963594628
-0.014800001899646087,0.0017004591898782534,0.08429361161288755
0.08156926479626228,0.19560416784812676,-0.06347068577184876
-0.03323119621793829,0.2155164626199186,0.05459782569440308
0.016472162590496164,0.2945272338272865,0.3990115441168236
0.3889330926221769,-0.08429367497608492,0.31168893174375817
0.25436691398657,0.45015539305608565,-0.0061694885294033275
0.04626309155069457,0.22385090312952322,0.19507001717763328
0.05922921788887617,0.1496032813065091,-0.027821007368104278
0.23177209361821363,0.12639555681219744,0.1012538858923989
0.18146930133948103,0.22434755268646872,0.30104598974980357
0.5184138064096195,0.2767747985172949,0.4064185627706489
0.2098934479777728,0.7625790373175092,0.20850042256578455
0.07834159443635585,0.3416251878415133,0.4716905472971719
0.1457406542896249,0.19700722156449121,0.14295099611351872
0.06531963257458565,0.2355063807107457,0.11800751680152041
0.12310570362330946,0.18385684669021163,0.15625832333333106
0.10729103623030407,0.16994704621733953,0.21201064282457097
0.10979088679938488,0.17981552396201278,0.3967461250631841
0.24558934356990755,0.2774738839884428,0.3514362282928857
0.3811399385038057,0.1881283338629332,0.13946604537508994
0.15037385878787426,0.7792042399213676,0.07870639580929756
-0.06274631964062327,0.03357532211927067,0.5529422726248852
0.6917940029306566,-0.06799740751058511,0.17378438457657094
0.13830843345912305,0.44245668654295156,0.017491446921869602
0.08408237935449246,0.041436174601765186,0.2267997782669011
0.49919622494661414,0.15691137840890057,0.19540422019099524
0.2815204580139399,0.4561593351419788,0.2970010870655112
0.141304785292781,0.49566294267811595,0.3338000911276961
0.2668956418254125,0.16045598880862055,0.2006598476207671
0.19170216382190686,0.24440203543155545,0.2544668563467696
0.4167816986131663,0.27048532479552995,-0.025413170693951492
-0.1615383680387556,0.3498110133621326,0.09478452831436587
0.11151866765026909,-0.09328983362586762,0.2302488767241258
0.11595440970246707,0.24191181730825706,0.17651581868917168
0.18664204445584703,0.1390122599381751,0.2341520651339115
0.2806970620191436,0.4185804347025272,-0.2904654642080246
-0.1808835143276975,0.29067934220401004,0.00440195207902172
0.15983829544377562,-0.05366995175312933,-0.04432867864272706
-0.07189860639023304,0.10188188282603758,-0.12522870298944053
-0.05914985443306635,-0.01584435590005223,0.10314486785707651
-0.08636343340702471,-0.07947362007731493,0.09822762721268133
0.45671644186924887,-0.25774116986628737,0.32445844878994146
0.12950623505052292,0.47233372940928425,-0.1620011631683424
-0.3024162089077349,0.6806326209439497,0.4381544901041011
0.16986830676959427,-0.17139607757802486,0.45791937730502646
0.29955873216977014,0.2030987953689179,0.016630189695290475
0.013477637445859697,0.2075692265943491,0.28971226671148165
0.12964976954890292,-0.07982179295826988,0.2552135156098211
0.19434349959235964,0.04681163859393056,0.06457978881161339
0.10560218313120497,0.1274537237792164,-0.2436068463981685
-0.3151918845698297,0.11878342024852374,0.08838411388350963
-0.0276916379803945,-0.03268130441592629,0.15380771827809508
0.11352132139675458,0.12638550813515168,0.16138865266668323
0.14163484047539307,0.21914147565124845,-0.06949989694368269
0.0887853078150971,0.2798848722587476,0.061542421093990225
0.32823254783674977,0.4425572366466417,-0.01826614195729227
0.2797274413831052,0.10451027673356789,0.31666914122298945
0.28551007162931563,0.2575972598448079,0.33736302406848784
0.32091838226958985,0.4099171178111878,0.49590491496652045
0.4739045428515889,0.21461989663081493,0.22339760507043854
0.0716000209955284,0.4181879837129305,0.061156806158856214
0.19923835483184898,-0.06455874454417715,0.2673815269710918
0.18624473761430932,0.4691950876726736,0.2602448710036193
0.3280149699242268,0.46819172025211053,0.34423341090973303
0.20983828401165516,0.22418824878060994,-0.10315458007729311
-0.08479108211823519,0.27375244101315127,-0.09356503035806958
-0.005160224916414356,0.17651721750034927,0.13963883776165406
0.029734886580898096,0.0655744019916277,-0.03971644719180671
0.06018605222186908,0.2555831931299646,0.12284860858300817
0.2900189330523587,0.20748487564484924,0.11369902332807885
0.017295414015253294,0.18575472874892826,0.20574271522758586
0.15536410775857581,0.33802622714495234,0.16859591632309118
0.043058222846460645,0.06601303508750599,0.2341293065921468
0.28475465870887806,0.03254095479232548,0.18133359419745065
0.3875953994889556,0.16263939892600876,0.46963463028985
0.43329465395973377,0.048204526231050426,0.2118762764359304
0.2061562626106943,0.39844112708226964,0.0636090741706228
0.10724847832321027,0.178616624119126,0.06468498660424561
-0.018486337384786986,0.13486816886158715,-0.049620191484011644
-0.0746974799111388,0.20639440026602213,0.13883520249128692
0.12899884179678123,-0.017565857714017166,0.055799199200054564
0.31416147852408544,0.1010220171041119,-0.1245083599677153
0.06086105829370708,0.2638150018327515,-0.021087845883531093
0.27155672260426467,0.12455636424151631,-0.03037676650993751
0.017306248032603277,0.0382233813856607,0.23542798905530085
0.3244095561476409,-0.04876216651945285,-0.06314329785074711
-0.08375667223899363,0.13278717365478093,-0.009691338312468836
0.31055002896294115,0.13594291166765965,0.0032861002569742614
0.36847512179101394,0.1749657198899904,-0.0421146335751681
0.2028095206388484,0.29399708829583565,0.16455804660976325
0.0007696977460327353,0.3199751392272318,0.2979666312752579
0.42703428048264497,0.22179297942334794,0.15193055599801128
0.24992738551301535,0.16708151483032607,0.08061254992871424
-0.04859976956262642,0.20980162972720134,0.05678396032516988
0.21601232407075,0.08516732730339234,0.05053145044170311
0.30571452810753813,0.3540559664477261,0.3632796244481745
0.21636897901089466,0.2812759540528972,0.3257116109498863
0.17861062834951824,0.21816721424846874,0.4154528957895924
0.3450985171283792,-0.004399615987197222,0.09498373797089404
0.0421804898682431,0.6244791377277449,0.11115468000087193
0.23374870754021884,0.32645420848150664,0.34747299368769946
0.29832789772786455,0.004512586680693265,0.0667188660249356
0.06391624266459446,0.45554116126996247,-0.120427375521102
0.3770032213305373,0.1606645777431014,-0.0358114107978425
-0.28677221431026645,0.26336211848692354,0.22496085310632144
-0.03725895563172027,-0.17319686949452257,-0.03731155148444072
-0.2780137899734795,0.24444579141812317,-0.10542462057954129
0.3380391112148533,-0.10646228688761754,0.14828610258204233
0.09531676385150775,0.3191884733394821,0.08543603494588742
0.05781913348985687,0.2154724793515412,0.11466187055889435
-0.011530446607934286,0.06846953770503303,0.04502346681221921
-0.00552728070204854,-0.0807790298303591,-0.046480940272571616
-0.018731149145143344,-0.03296265975165108,0.004360357144853173
0.11224408204723905,0.14325109567427713,-0.031433508751591996
0.0016705300906920753,0.12709137673289045,0.07403515561555175
0.10843008990329817,-0.13822035797364382,-0.02458328365253199
-0.09398821847453984,0.0864293016330954,-0.01360567735924506
-0.1347935563510438,-0.09585682686603215,0.028299817609333963
0.12624099501153185,-0.16336082622814416,0.0628117342336574
0.017319457118197972,0.07801958525818999,-0.32199758955014124
0.061224696271463694,0.09425112451368803,0.23437744613321929
-0.025064795857476813,0.08166015384719183,0.07126423515452532
0.039026076310408025,-0.027956801708081097,-0.11041983588442994
0.2019587544766811,-0.1415208053613825,-0.30931158562895855
-0.40598660602766823,-0.04163172562772588,-0.07524140503104218
-0.010694933348461628,0.00806856329367897,-0.13294422323166538
-0.16700262659468698,0.001498164316343975,0.1578425903768119
0.2517347695215423,-0.2325571011697911,-0.06267379589756548
-0.038770667137139565,0.16028632437894536,-0.1257348439337502
0.17625081213174798,-0.0801680083212692,0.158485827970897
0.2653164755684109,0.21085144957613716,-0.10525255026345069
-0.2769423978130915,0.23385573025419992,0.2265486479081228
-0.09392827169840581,-0.15590579612180056,0.022460163909162265
0.31814833049968044,0.026668484407174467,-0.2600331384230808
0.46334041484792915,0.24673745969401148,0.1605815350886053
0.11821697857878376,0.5096921804094822,0.2396577532954137
0.20437441912936777,0.11326174209958077,0.3428009940738416
0.05611517254837051,-0.03177492990867106,0.1292757935571974
-0.030345896156447727,0.013996233388450775,0.046638981591817105
0.026652584043621877,-0.04005834898006978,0.07593708832689652
0.18455270962547554,0.002743041103972693,-0.07429603816877745
0.2670056983107749,-0.030429019611160624,0.10150430586597002
0.11252579895283646,0.2741564152234288,-0.21125690995310345
-0.27348643204022427,0.13923213324094988,0.3451368828308087
0.2943609505103767,0.04363219071341,0.3013508244593477
0.11685857348272922,0.9324921955599591,0.3826729775601837
0.28370461193316177,0.1643999604370581,0.6692594205223621
0.2457745170531852,0.2925113676809,0.051501447897121536
0.08689753022647476,0.0851505720841199,-0.11844926687878835
-0.06321661767074127,0.23130385132669037,0.21743595600041213
0.042987724131712285,-0.0772386656826709,0.21503802763242003
0.22344607601448582,0.059907417012737205,-0.13891844056482738
-0.11310392667429447,-0.04051964831030866,0.16146112652637468
0.17728886478884404,-0.02523732047218602,-0.038990826645637
0.1503058749887743,0.2517893816368864,0.39784194920021143
0.268854883024833,0.19995805827242782,0.09631728730712766
0.2677585048593406,0.19243069878258387,0.2200508668671572
0.34493805268329436,0.5458413008776668,0.39520782285801975
0.07562890280436901,0.5048292535337389,0.37386716884963245
0.10746711230291628,0.11503424257641137,0.1676411029456889
0.16594890754712324,0.1571827265850156,0.25973822918360034
0.1960616418673984,0.2367779459814401,0.14858214453161384
0.246154399331941,0.2355387116870916,-0.059425898545234376
-0.026944520252510984,0.09076399150411071,0.2926867705839303
0.2642849462125748,-0.0687088634061295,0.14480443425675926
0.12195189456137367,0.20958977818825233,0.12087133261175932
-0.020219833460840914,0.15061546477955706,0.2874500805182154
0.0004946808153215576,0.2276412361655204,0.3064456498508363
0.1695233993473299,-0.06502116287377152,0.027020321617087284
-0.018245924926288855,0.112644713854575,-0.010617424924286583
0.11099172658877005,0.12337084576509372,0.3742148179824009
0.32674130532060996,0.07427081667448412,0.03970839545199194
0.0329517872371653,0.263557935684415,-0.07305793654756876
-0.09566847486633552,0.29066895727750736,-0.02848986133543263
0.07560491815359088,-0.05249440245217603,0.3385556579193184
0.10118409229310311,0.11672559688319398,-0.023821844661416767
-0.08581977298917523,0.14709109243309865,-0.1022868995208902
0.15369156833998626,0.3263711883338782,0.15442382164219773
0.28286683020329556,0.21051760638004247,0.1050083768081824
0.33849129338386275,0.2076710289740991,0.232100443358235
0.352118987621893,0.23888480071253948,0.1647211571888431
0.634931399754603,0.20400877294573902,0.1585346398015863
0.48391205757113454,0.4230315690993066,0.5755654054163726
0.6524467268135196,0.5996313871790273,0.4849732150916761
0.6364278608508972,0.39318833075058585,0.31113066841307313
0.44441151575999727,0.43320136936018067,0.27781811102972165
0.2767321885882596,0.4315658554484423,0.3664384550399526
0.16863599038508215,0.26957715160412715,0.2616602314619111
-0.0036056529760305767,0.1139112057966542,0.3169996395092076
0.35826198612944515,0.007911985596302303,0.18283725475813392
0.137683743173269,0.1752581191474049,-0.14945178142533497
-0.0032272056049669796,0.128811514192695,0.09298592618726863
0.17893420759277295,0.0988049714352697,0.12587289175059885
0.19955894383439496,0.3155109856482261,0.2670299290207861
0.40068013683466197,0.17936104866841865,0.20439337752240916
0.055702403392753605,0.20610031800933054,0.009678829541250766
0.05355045810716905,0.054948892919273656,0.10772738466558801
0.24973152660604606,0.1293720837596354,0.05669476353786961
0.31648836390914026,0.054943098958220735,0.1105409936514634
0.03289771115296359,0.32559874755545937,-0.12733093314508415
-0.19455679636385653,0.07040491894664166,0.39072106709713694
0.4413955211874579,-0.2868011164964372,-0.02586511624580151
0.14466170507739604,0.25091266358457415,-0.3365518890094177
0.048440502950643866,0.14545038939488067,0.10394826812750366
0.09302556150928015,-0.08793132768025633,-0.07213436832695318
0.004514169432745664,0.10553730609651917,0.13075987861510924
0.03213867308006069,0.1272843393962737,-0.1955087670561776
0.04159914588079913,-0.0191527620588506,0.04495628344986087
0.043314715256935,-0.12127983615681216,-0.06082175701005367
0.17798408976603097,0.2797205527586721,0.005541743123952503
0.19729421682432674,0.23785013680313846,0.1551851594888708
0.22422241125358805,0.022187644085753702,-0.01965594170118326
-0.0035778870191547837,0.20595290220754023,0.09730834895844384
0.18694741054235742,0.4546543173140458,0.1302402510058884
0.26345645922489414,0.1661881853346429,0.3370914444134717
0.08447869520044515,-0.034116039445957314,-0.04365435968063583
-0.16965725126793002,0.32651736600991393,0.04251112112766853
-0.07510684984891232,0.074807159828981,0.31596035662878397
0.2776034051568511,-0.027596414362240307,0.1594393478451076
0.19552830420052153,0.1677895961226889,-0.036112799739557395
-0.012160816469186805,0.3830017663742338,0.06488668066349607
0.010911728377398067,0.05873977424362711,0.4571697086919294
0.1675279324637268,-0.04652700529031022,-0.00034201244219119603
0.0009874597029871385,-0.06812105697671417,0.27128743765924085
0.1702247069417504,0.009114276961484646,0.06094117158855551
0.3900641574943965,0.013693217912431388,0.030385168823771833
0.42701443510933346,0.37169374897647284,-0.3097698746553686
-0.11073026204867104,0.3210491741158907,0.32079039356615857
0.27028424809432716,0.11237651072656628,-0.11614014314952836
-0.17305867077646284,0.19607186209811395,0.24892116659082292
0.15714472184423062,0.20627722476251095,0.17753211933596585
0.13192757956684073,0.11021107807129864,0.20370988205185314
0.048584639074235034,0.23938593423844534,-0.01955979581296774
-0.060147084132493166,0.10534575170784374,0.06619668591471113
0.13480512487983404,-0.052534310657974856,-0.03664333389075798
0.10165345232237491,0.1781589865276124,0.046025836977495294
-0.10571498955962647,0.0669301432933096,0.1474690876626948
0.6140822849503008,0.10389437258400397,-0.23018808893985596
-0.11234527777021464,0.6954951763580178,-0.03174372271542404
0.05299924064655065,0.23971913775277764,0.07128473024565096
0.3154111016395042,0.10078603691083962,-0.0601786658930777
-0.01642006007747869,0.3993560634290952,0.17765311550314294
0.14194459236528773,0.0023307454984226837,0.26292069458484085
0.3059979117029652,0.05168475098898101,-0.14399518927487875
-0.06477861765950976,0.18892909672123165,-0.09450588139412536
-0.05239773213990046,-0.03287970857568341,-0.10652655059000213
-0.19836126812364757,-0.003993078077996166,0.03878006647274195
0.17992069538424768,-0.009217765697425755,-0.10657084417295097
-0.20546683867797663,0.36534918946405126,-0.1939907486476229
-0.11634900507388977,-0.02648215904848745,0.26356829155199113
0.490233937358747,-0.06487872223126948,0.028368384166503
-0.0285795806788526,0.2447484591081891,-0.04093715254298601
0.20413424746948822,-0.002861159118219007,0.20837670756545723
0.24445947399032064,0.2964028669932444,0.10742777693241592
0.10873966703005261,0.25814860244601057,0.3103098040851392
0.1766478457665892,0.19942563912511954,0.13736283190487886
0.07784577625885479,0.2504531945143223,0.2989158376770127
0.17255111402305953,0.04049981665928217,0.0780675344804947
0.027414079291364316,0.11485283654689724,0.09181630224790581
0.1977100736881878,0.10276159600066173,-0.05077037307726226
0.1569995030892508,0.09761098429795528,-0.0037586035069019086
0.10747792098204557,0.23895118487646194,0.18334603486759077
0.03740452535736211,0.08461379893337351,-0.01823051939154191
0.07384392115862178,-0.05954764718845622,0.25970786037967514
0.3378769175272235,-0.08335484526559117,0.13597610409846334
0.1644587052309625,0.4008286519727262,0.03804542690821194
0.048673293381686994,0.3089047334894015,0.07722799650261832
0.13726278976660827,-0.028970688759358994,0.12081565813195146
0.06702140552715227,0.015385805409402209,-0.023767861060704772
0.21253553465922717,0.2239417990430972,-0.030236978750937827
-0.011758158178285912,0.3301137178012904,0.3299472243351931
0.06758088454309968,-0.09792732288216967,0.2699406368481284
0.14342327486236373,0.14593652832516646,0.022770594997685918
0.06845816758753762,0.11917923452819255,0.02235483189179545
0.13867574848773503,-0.018277758582827826,0.024614579488293403
-0.019391711671894248,0.135763687898335,0.20097476954167492
0.14946810095623303,-0.0322659161480492,0.21145315436934298
0.33454265310909226,-0.06537222977397797,-0.39462695645331825
-0.3289340975785422,0.4011850286019556,-0.0035354747160880303
0.22076644745419832,-0.14001375848621253,0.13155708390632698
0.24788715235067846,0.2840325915595355,-0.09453522547964442
0.31712459802861326,0.3048953417495585,0.09333893532357684
0.15567258202466738,0.1689303286149736,0.4485933378595432
0.2784086204204341,-0.02290818013258205,0.1813006961624082
0.32515122162228277,0.4366353822621184,-0.05162975331811273
0.19330075688085016,0.30766520856364815,-0.05031186026040474
-0.003352950018630743,0.5304539354526419,-0.11485461798287132
0.2803893735225237,0.38854771453337544,-0.03625610185594799
0.047296081980094315,0.4064854481591013,-0.10049337728831678
0.20161581271037657,0.30645448884427423,0.38560013072856714
0.3373559988320639,0.25075833220124016,0.0785096130496732
0.17807823108606355,0.15253662159004844,0.13753248899288512
0.0321439273473988,0.11601658113916175,0.26487113299103426
0.017591491561377376,0.03929180321732688,-0.051819253547141356
-0.07502984414546572,-0.20390679614094573,0.051218159337626426
0.1508275748619536,0.005567673681250468,-0.19847180085988841
-0.0658299574893235,0.17321069710179818,0.12108753692656017
0.2732539858325877,0.09115905512477802,0.40135817913460287
0.15725325386258646,0.2899820930217935,0.2115577796316892
0.26867802378303224,0.09057167877432244,0.19778798539702627
0.052181884356204244,-0.015784175272592627,0.20185189187360134
-0.06949981042909774,0.0898715473336123,0.01910103529112725
0.13059391852839014,0.006542782914289284,0.09173127225361916
0.23841375950724603,0.2826219783594678,0.32462000613501385
0.3894608671905965,0.15489628758662993,0.2229937282480347
0.1316224004214399,0.36921834510860685,0.14573099653665342
0.12133067830943772,0.2319516098656502,0.3031366129463655
0.2975857306656645,0.1445777937044989,0.18512095102237647
0.1345210433931186,0.15052610456185536,0.18705312424783954
0.4371777939585868,0.10933418954724729,0.199578949017039
0.11538740631358621,0.12027022215469965,-0.05074958880716203
-0.31612227308146595,0.3503411735091612,-0.1442924857371885
-0.10618250681738263,-0.007259500285684395,0.15464333180881895
0.2004857217563773,-0.012977080220817158,0.029403576650434665
-0.10660016115760562,0.08153256550509877,0.052628938134146944
0.10515374158640026,0.10167265441528807,-0.049683154071457625
0.14861801022403165,0.47584401950663496,0.25548612998074555
0.27241985851652234,0.3386586052165733,0.3364022326211179
0.20976112450176831,0.2699968450173587,0.21729730109008843
0.2233515085048821,0.3150948237078177,0.12433714452840201
0.3182958988125836,0.29335868393591036,0.29069835566564206
0.26619840096487146,0.3193562972186392,0.20291235344555772
0.3866006600185786,0.2216266500825431,0.20465903343784572
0.32459838079600856,0.887730188936788,-0.06050334437167093
0.05130376185907076,0.3771713752573168,0.6115636700552561
0.5794953896221245,0.15442616812434057,0.23036351923403142
0.20057176356167838,0.9514487403790804,0.10548659052516926
0.14195121818943918,0.6243818541391449,0.6508594326442966
0.5073523087085595,0.16283890110806343,0.41685854965177993
0.2127424515974514,0.3732710043978497,0.09528431389341832
0.23560475491314958,0.16709497798613987,0.23949673831305562
0.002333895369915795,0.3150160626635484,0.15811878865455625
0.24153832604048397,0.02150909563264579,0.5323508914458633
0.3230353432982573,0.0833434958134837,0.041494588252711496
0.14440720727465606,0.08141281127635347,0.11907376604760957
0.09213281316704143,0.11999050603002404,-0.13337712221446696
-0.03445347540153264,0.09322367071270175,0.03041264967465384
0.0989270420360575,0.3265801450812784,-0.02915947305224406
0.10588794111955903,0.31802730453515404,0.15911550524195345
0.31152245241358734,0.19549210027587136,-0.02831044483476214
0.22125323845258985,0.014284413531004236,0.26709521126565233
0.05852839198054843,0.04578094160325649,-0.110412245250094
-0.1498351155147999,0.03972224358763289,0.09154688153267503
-0.05575591395774523,-0.053318741785163916,-0.06003601158840346
-0.06374634636994181,0.0032896419598189217,-0.13072778681690694
-0.1189869271946981,-0.02590833839710415,0.1060805870279515
0.15803719275218953,-0.0690429328168224,0.03408344922773465
0.0872789335896299,0.21712445680564638,-0.30795282948145725
-0.22463441220180586,-0.042162194480590415,0.21060916879732114
0.11897886395439822,-0.009279383533506907,-0.010087585946685528
-0.1346600931753716,0.2787867875307113,0.08459767326749945
-0.11066346337690597,-0.005822764666624472,0.12609917360662593
0.1065127638424542,0.07102017343476666,0.2241410841450763
0.34582377235879724,0.1856170858442638,-0.023635804336930404
0.09744348081076418,0.5835736449945937,0.19591375676003403
-0.023140566534875978,0.025413853650229745,0.5060710999511582
0.27949810362433253,-0.08873151255202452,0.0991481574103838
0.5073419029994491,0.1988110513014557,0.23155074126069913
0.2813340028860159,0.48772806947948344,0.03810464536904523
0.018899969921310128,0.3737405508736232,0.31213467594788435
0.2513242769384486,0.3302028110013997,0.12894644098560612
0.3025048006657997,0.2501680017668765,0.2502529621447347
0.1906234930140648,0.7969145702666772,0.1679078654272652
0.1274822659627226,0.3440033965911877,0.4681106373128394
0.2902469432074325,0.09210328115722746,0.08323766190906023
0.08719464785407208,0.14222564357146586,0.1007732525574557
0.05606372497546877,-0.033957971007058205,0.2553322552510984
0.1742422416864633,0.03189749058966182,-0.12063221986297519
0.01868285421095429,0.07020833672820306,-0.21300224521551336
-0.057290916619337565,0.023661980315308973,0.07090309187128638
0.16064053066931255,0.04279215645177194,-0.21741887869569315
0.24102644142649127,0.27133666486373653,0.09969648376772201
0.48828512520367395,0.2109731977685903,0.1320446902501036
0.09091507173552166,0.2061815015973832,0.2529776114833615
0.2832251869640965,0.059210591967050454,-0.0026061929346440776
-0.0493986259325606,0.30227509255238083,0.019158977436663047
0.053298721549619774,-0.11596623378049431,0.09028916575763082
0.18903939242838474,0.009493980547973301,0.08496514866005668
0.08879569946137933,0.19337533099685716,0.031175214926849264
0.1511779624246683,0.21121624697464644,0.1543876548007441
0.1985630135401445,0.23433478681808828,0.19556851266066627
-0.0020981381208079464,0.4027390627603624,0.06321437893212334
0.2350765565148207,-0.028941505021540546,-0.060495529673413664
0.2271401635330535,0.2571201528723876,-0.1696785099621734
-0.0035992596676144156,0.25896045532830203,-0.004648149566129994
0.24400028923542386,-0.21340760588025942,0.05174719337935656
0.2392534131907033,0.24591644182533318,-0.24547608739622384
-0.009900862636882501,0.19933068454954364,-0.04168855690861839
0.20214830823095856,0.11574725799599506,-0.0956600569509579
0.03381291570405897,0.2886564808199044,0.0863556805254512
0.20402199196579174,0.021025029901321733,-0.18042004072841114
-0.113482293922917,0.32122267220056233,-0.0191804362517316
-0.0073055774883025865,-0.1558145047281248,0.15244836738210282
0.197921102328249,0.0073384580246427175,-0.27666742079984813
-0.1394831404303253,0.21229276781731496,-0.05647988495575394
-0.19825277529473254,-0.0009774556206755686,0.2266044670860495
0.14768190991895938,-0.05137129199297785,-0.2425307901898218
-0.1626029108439141,0.5417740414095167,-0.11966972425532817
-0.11278350871650733,-0.07526942521895949,0.31841225184248134
0.346233111906834,0.0682213265119647,-0.025672074563704524
0.15853163811071042,0.300661904126182,0.17567976991545844
0.10574576003741727,0.2859403725931966,0.10057075778583341
0.20953692943652888,0.2021273697777292,0.3142411144690087
0.3236830940015012,0.41732088519840765,0.16924928511335702
0.5808912554641414,0.25500983735442373,0.8820500963316192
0.7743293096158976,0.3590534283938499,0.15812310133191476
0.18443432680211083,0.500083196252289,0.40364791818378365
0.3919035828860371,0.49942525639435664,0.41878196377111143
0.2694424294887239,0.25836564053233013,0.28057850203533147
0.05234002760479077,0.14858560959618125,0.43353756771133284
0.29535820712658234,0.3227305473544385,0.24838365035287802
0.4382023844005452,0.08517447236320069,0.002153612730687149
0.3332269716486619,0.541220574374139,-0.05914464897695021
0.32147692597752614,0.2085542589262716,0.15333235713069732
0.07552263319983568,0.30916801014059925,0.3071179554044914
0.465210452083258,-0.018579631579136224,0.23421914899609317
0.3734817364182716,0.2678162902895157,0.0686747118068445
0.05508004737759692,0.34704073287436404,0.15149253757961045
-0.05338694677945892,-0.0017682655967140165,0.09952499633355087
0.3141744619062813,0.11782828335110304,0.13914187337914066
0.06707992154680421,0.2500390479976104,0.048866800135242694
0.012634507498069325,0.20339099848420206,0.0242134198785377
0.06263703880194355,0.27300919886418135,0.1861921403971326
0.04587249584838342,0.029431343851264936,0.074383233101999
0.08734833383171059,0.16886733868040738,0.07510693696165215
0.5470274428667151,0.1858931047855812,0.15846441242498577
0.11984615126050525,0.4195457798057626,0.055089053215062106
0.25350677798344445,0.13706129003182668,0.22525302851929344
0.1729779434708844,0.3658133460060997,0.1321830043454187
0.06517341934649776,0.15026829370740796,0.2690163961220504
0.299024773889309,0.17701623979276654,0.28912043104376217
0.08520084873100077,0.1720341487010295,0.18309984565345766
0.043782771276080344,-0.022530338685086276,0.17613710000875935
0.17331179468598876,0.26097591425796435,-0.010173629321807574
0.17801441012892832,0.20731085149352912,0.20120035105387618
0.254796230875853,0.1348511206166106,-0.11069611842122397
0.23640594931567174,0.10766652673393672,0.2740992678227844
0.1834224849633456,0.13658062310456293,0.27853157957781216
0.12361485915012396,0.05589130523933397,0.15230947371669568
-0.002116204700930005,0.2996854949059843,0.18257180093792857
0.12132420459666227,-0.03346858918655728,0.26127920261027926
0.1869178269775425,0.29598706367716476,0.12765225596599927
0.2935864771435578,0.4255449200734066,0.38471490367094274
0.3785304228885402,0.2343948540320493,0.16916075826487528
0.1490728528686064,0.27492115416453555,0.23601564068344344
0.12727210197483801,0.015341138116630612,0.2706590776231034
0.008752566789461125,0.29780593535256195,-0.07887359529262178
-0.04120987626614188,0.12710900263504327,0.25659586615411145
0.02936953673404913,0.11814864249612622,0.04036443097375322
0.09787044312143235,0.008965165018496368,-0.07237370222827569
-0.14875676528333062,0.34130293515317434,0.14220483977571413
0.212427504690963,-0.050512164417003846,0.16895103453027846
0.19943444783679815,0.2779647142689996,-0.03612101974427171
-0.19341817829027041,0.46736905859660544,0.0006816970964075852
-0.14165131464654046,-0.09615771266854187,0.23524662098445195
0.21524723811865965,-0.0030121743665772888,-0.14582234127936453
0.07443258098105532,0.24909857428729232,-0.078322133432408
-0.14952450087118,0.31652081114772473,0.14007715769835272
0.15317422957785728,0.06599194494825121,0.21294310203628364
0.11007450010509012,0.6177577585103784,0.26167535913094464
0.026286992874110016,0.13274840563804774,0.575096960357484
0.3073635886407002,0.2662036782671805,0.22199626414630852
0.25552556796446585,0.1450760621210171,0.09498402806989005
0.38599133621749826,0.5126194685830694,0.2315877541380913
0.08457146165358789,0.5977670726891443,0.29337953812777223
0.10409357060148366,0.15737653382722477,0.39494395573235597
0.17010789375137766,0.1827147993591274,0.17884315886775654
0.09997307281344739,0.3435709525399374,0.030540366976279792
0.1569247290874895,0.019691268182090077,0.11669684896201363
0.019997831226508216,0.22642669066061571,0.12065786611960486
0.3235587503620427,0.2784725163670656,0.2906715195527988
0.6554825712956025,0.48163956958598814,0.309164809610158
0.24048238008855832,0.18274582276549944,0.3327283419874646
0.2583218513337914,0.04855183132661023,-0.03294003939312237
0.04112449674311548,0.21573165917743958,0.03945058841484626
0.11451705544114382,-0.0104827342034014,0.1083861331180781
0.10903836936591163,-0.035585573581295896,-0.17645625602830792
-0.21465799142547107,0.1537355390869894,0.036020478647068116
0.11107806538263222,-0.3046139541128897,-0.0530489071784068
0.02704578873866311,-0.10150623708368836,-0.2526733173517938
0.11894719438194493,0.35446359180082243,-0.5127539777403598
-0.06496671999284798,0.19042426324930703,0.055044340107294615
-0.061565734036729505,0.008690800802967164,0.2599138861313638
0.3544711656338989,0.15335664457539283,-0.09385334997161261
0.07749447348653038,0.25721789372514253,-0.025760212591010342
-0.01451553392188093,0.010612590242018799,0.14636626867028243
0.14090566299448481,-0.04627554145943666,0.14705147162846297
0.4234545035330358,0.157431677119718,0.05571815954135592
0.012646493220168337,0.3484133967119456,0.06547497724602343
0.01724478832080458,0.07396610860234706,-0.048548361427491415
0.01620255933303291,-0.13002184986009535,-0.05453711425143959
-0.15984856512164114,0.007599452809653087,-0.08506369908117081
-0.05150855590292335,0.022165242822783003,0.032586561172730795
-0.12949598175766505,0.1595818541489618,0.033606248183039866
-0.03561160930075599,0.15738795580890985,-0.05035224259271545
0.12985896609749195,-0.04986713518468186,-0.007430364202798141
0.07318472806783749,0.3990182729397701,0.04321025226029426
0.1252721439980963,0.3537648696016628,0.49466007488179914
0.2945646707210008,0.12525143688043744,0.28732717796336976
0.4255080791169421,0.1337306827365402,0.11066147110066687
-0.011482964412842162,0.30695861677674874,0.05057507275278224
0.03842230887549675,0.0254393185422796,0.3982267825678133
0.4877533873120386,0.16239075425343363,0.008937617490775818
0.3665536299458686,0.43482702147889013,0.23325266125402627
0.5349130722596539,0.6123602734732722,0.3136720808729542
0.11171524139462952,0.5292506665338654,0.28520629472095316
0.03888730106647556,0.11969715533860299,0.3420653619777741
0.1401086221356168,0.05301054535947617,-0.009786354367875921
0.22975485435304932,0.1968037656396357,-0.012501569115730748
0.17672958087831497,0.09826885106386896,-0.1275236682440397
0.09848259057535792,0.054377670057744916,-0.02232631258689532
-0.11144187381951659,0.10671923619984737,0.057405174841455235
0.3595753485101711,-0.21393194124325393,0.08710639076386047
0.1029519701901688,0.30574368837985244,0.003588078859492777
-0.08483982464291,0.1362857948394433,0.06638577978326249
0.25375195217368285,-0.02197342680328041,0.1346337327298504
0.1984576261230352,0.19059067039329503,0.06753212053193003
-0.20985057112071362,0.0690955794917047,0.13326703660481068
0.010227800858241098,0.09959615751301536,0.20259405825101662
0.13729562523505334,0.20856733438053068,0.26863417162378483
0.13983326188095935,0.2470216893068013,0.190674724914709
0.4757451888516592,0.2124236756752336,-0.01980589900702122
0.19213533004335467,0.546237768803572,0.09084371526553889
0.1585361393556141,0.25134650001919845,0.351056200410727
0.4525574091042884,0.19016292201293045,0.2918828270929055
0.21476557395943424,0.29597862322376317,0.1202083595994953
0.24106907793240645,0.1846623624243424,0.13636072429357549
0.2700634006278716,0.20326141203678033,0.0700966795928584
0.2650793936228521,-0.061086252481990455,0.3516457378629517
0.17150802677827529,0.22133974250461724,0.06085768679740883
0.10107742060382674,0.20255928068627052,0.40374771693010547
0.20865773747271132,0.1423333163415647,0.018512619711521003
0.07187284907757582,0.2162702050216942,0.1972691652811266
0.3703911435173706,0.04228121567569286,0.0711942201853353
-0.03128433050972481,0.39507698441665107,0.05443674797914455
-0.062865206551007,-0.18578945336148375,0.11856299579781007
0.17233415713562725,0.15699110313387377,-0.33429815469259105
-0.08369271563438097,-0.04150256276533161,0.03613119569278758
0.3788814791921129,-0.1432984080817249,0.1334766682809446
0.354739743638132,0.4444405853972924,-0.062218149217932325
-0.05084632931703159,0.5233110291016576,0.39958889403943
0.3234417530511225,0.18874054199689388,0.2047255275172268
0.08017658288336903,0.3553894144899813,0.02389855055915341
-0.14349442198673762,-0.11803381513355235,0.4696891249013946
0.23375109621845905,-0.14987630773145644,-0.1615259425757804
0.0404175277911894,0.07792501291939023,-0.24062173039560572
-0.016285934184038453,-0.09849659426433555,-0.030221628216511396
0.23683713762447645,0.03585084736984114,-1.0469432992722336e-05
0.003484586564100646,0.145474137442059,0.18629758436948193
0.05127792514669413,0.0018554135856469617,0.11405848098748142
0.17457661912381944,0.11172462382914777,0.022813153548283838
0.08042176005974033,0.21468418498061986,-0.1708536522147599
-0.09136499661563001,0.054352957030138004,0.1605748020790143
-0.0220093788768303,0.32081861660694555,0.05305158129473293
-0.07663392583326183,-0.09888490988961138,0.09946205513349927
-0.20968848783760935,-0.05943986715207791,-0.033908467830129255
0.008468825140454384,-0.22380073165654793,-0.05646919046847358
-0.16949498040470168,0.05330417032062698,0.005083954202183674
0.40313829374342647,-0.05089841672261755,0.0960097441711096
0.07262990669116615,0.30536372348083585,0.09674799914524018
0.39480495612907107,-0.011103488498918401,0.19390707460292772
0.2439980479909271,0.4811529307092385,-0.20837479077101517
-0.16241194446045118,0.30119653902192023,0.5817671439867967
0.38362497955132696,-0.08155614570261643,-0.02333580434521461
0.3156268674020182,0.43608074450817574,-0.27654454130702133
-0.0425595421200453,0.34856972309294065,0.2710852270987758
0.15913258580641454,-0.031158542822936456,0.2323005116923947
0.3266212424651489,0.06990425716047347,0.04643297750888421
0.17679359638473677,0.23414690283532058,-0.05122652109885367
0.10603464149208816,0.1446070298671236,0.33484982800052565
0.3326754484174685,0.1730582127289744,0.14170581365022067
0.6447642739474067,0.2044385351596712,0.4096252823105123
0.38930402014282295,0.680965352137536,0.32641393412342357
0.32531080335754314,0.4676183043058177,0.3500576733882921
0.13016558251739155,0.08960601481328939,0.34120378848603194
0.1893696658824381,0.24949015290329735,0.19779874724057422
0.24786308063693885,0.20440591558044896,0.17689074260560306
0.07419541516401693,0.26628386838856105,0.12793075530270315
0.14035296235383576,0.22352636095742776,0.11474242001950113
0.1662746502771342,0.2154298192903809,0.025856589696634277
0.019442334390798028,0.11566335168273194,0.10904263979214582
0.24930408768459664,-0.0398482598188519,0.14083112112071555
0.2249815932523443,0.1434266380718381,-0.021864386568216196
-0.1283097680483548,0.25821820440890614,0.2516651249253392
0.28439932223537845,0.04885786219629373,0.14099642750912234
0.15152756987023935,0.08907387556088535,-0.10079578722803126
0.0883484971459126,0.009098597918655332,-0.12509856464808086
-0.06348357123251945,0.13468824120278844,0.0914125006972018
0.16143989710283174,0.04525451923560608,0.14898428603319527
0.15683332789289703,0.020272804732031593,0.06229146932297615
0.35844368246610897,0.2879868093161121,-0.006754629490331843
0.22637106988047484,0.17971608595867156,0.1670601389423424
0.21020333283524953,0.5223271092052648,0.06412492697834679
0.13416240329963558,0.16742613287538816,0.20448702831074372
0.35912366003964946,0.042123620215038474,-0.22671745789920672
-0.05963799929588668,0.41660505735469744,0.06920958500891285
0.18728747671548893,0.019381194118203618,0.3023461163277513
0.22092693069706507,-0.10524643424158309,0.11514857965374573
0.3405254684164683,0.29057859376745276,0.014158779957624337
0.2422106434223738,0.2513618224924747,0.12366640822808342
0.33374881428753805,0.411515701005468,-0.1132200390343717
-0.12071398616363103,0.3084527464710536,0.26874051459283477
0.11881980524491467,0.2862065011457561,-0.08607326640193774
0.18504027135538698,0.11294786690604663,0.13225129171662103
0.007191975539300642,0.32586764556877823,0.11041720966578067
0.29730110788079783,-0.12098204031351448,0.009760871101638629
0.32368862952807065,0.1477520664774299,-0.05857479890178906
0.06919999035505377,0.38496906318701496,0.022079977237559167
0.1493727215638542,0.13519028875431324,0.14251924421330786
0.1558415692769582,0.1605838231633853,-0.04353289644312554
0.0032733487695137467,0.31742099798946205,0.038060958266434436
-0.051843347351794966,0.0006991768231724106,0.031795539846437265
0.11812123543758105,0.11750077221760614,0.09648990949593036
0.00883519749954257,0.20136540664445376,0.16570558918737668
0.035444962367482985,-0.15261859058014182,0.13297222219777227
0.13172691973172634,0.04707957812927632,0.042121011636176896
-0.007040692214963569,0.05632039955493634,-0.10685660760384091
-0.1342874281729672,0.06946652239060262,-0.017955060744484802
-0.018724055501924575,0.18004577407442768,-0.16881758442056233
-0.09965666339312051,0.25598195087958603,0.03565638580534689
-0.1356641791882628,0.030984247903803594,0.22150760388583568
0.16061228597357388,-0.02618698886900543,0.17865811444310417
0.003361506613488774,0.09446805970407172,-0.04813903503785725
-0.03129683045780243,0.21682637412515532,0.24398059402253813
0.1812259119639926,0.4486397540509654,0.22289913022399502
0.11808649902635343,0.7158254925886921,0.24873731335433336
0.10445636313110895,0.11608702690708383,0.16134806820545416
0.04918114475107416,-0.12791973898919903,-0.12768359013772002
0.10822385507208045,0.16048852465045155,0.08127576426880681
0.0388733069782555,0.2853466675648566,0.2793013559924242
0.2230265990510647,-0.01800571396336495,0.18101853195808684
0.1215649389692127,-0.007922495182058648,0.05357456032661131
0.0010715349543234456,0.23032359992615994,0.05016349770507124
0.09223451716416259,0.15044925668889814,0.20901215766026007
0.08951615252555566,0.11901804358888854,0.27310950911028764
0.05192595908888081,0.22926387243743468,0.0062806463907292415
0.056954931428379416,0.3798278143138264,0.08206353228303825
-0.047441687997142865,-0.0027831043607125794,0.1327401761493668
0.09082571084172422,0.2017369494446161,0.04584222106941421
-0.022280058908022815,0.09286491096611563,0.2578005434021245
0.27147532185060647,0.0011676700627247516,0.09288336389231434
-0.01046000675666671,0.17137646072499646,-0.11711742993359563
-0.15686678637420162,-0.09704768369315414,0.1233568000591041
-0.015904409215129825,-0.0004895870155225274,-0.03995357282355551
0.059361036307421226,0.051242230781881164,0.15800163176837964
-0.08595284439291292,-0.03766300958727547,0.03603228383334748
0.04054767589080405,0.2699659494606853,-0.00629418188075534
0.01059438243700046,0.18353670364966587,0.20720861421644796
0.1690632103394922,0.08654387339671624,0.2332269064429007
0.19485735804595808,0.2149751343451983,0.04781346997326935
0.14662843820912808,-0.004416262667550602,0.0786846854263905
0.08155065549761446,0.42648071630762463,-0.055176325210220756
-0.09725080986934188,0.6388913650595281,0.3554850621821281
0.0617095400747318,-0.0027417441684121184,0.31434244890944424
0.06273181197415628,0.007922359173318974,0.006799715289761282
0.06004785729969345,0.1055509742486783,0.020318344058860096
0.055735092508851836,0.06316523354912909,-0.014281261915786936
-0.20046120175755133,0.042353089955944195,0.1005771488594785
0.08742438660656274,-0.17966556553486035,-0.008347470894822115
0.21256881593132043,0.07265562716755855,-0.22323009412601352
-0.04105429027063631,-0.013928066091790536,0.02800395163333945
0.12349722116860434,0.010488651736733481,-0.10771432771548298
-0.0558857887300086,0.33348440262084855,0.03090462652590517
0.21183103957311916,0.13486275341559342,0.1309770044249019
0.1465968569962286,0.19306264445468435,0.10392092355724958
0.20450400763744042,0.06895806605559153,0.24618332605423515
0.21130111200365922,0.2610320302167178,0.0389039660947018
0.077699601490485,0.050190533398824635,0.017726797722893678
0.06751780864023399,0.2212560846810661,-0.09918254533659457
-0.016227798221994813,0.19292136733310172,0.10020753618754555
0.08454982867538742,0.150272965860698,0.11094362329207935
0.09179410542845276,0.11092782121125981,-0.02305581972070453
0.05858763997673903,0.24808189739454833,-0.1779421116121795
-0.0610819963490508,-0.1560354044003463,0.3574169362490164
0.146895582418134,-0.11209217300270796,0.004670249379321353
0.09119995383781024,0.051806937426023575,-0.1019497776055402
-0.03379620950077608,-0.03588063034265983,-0.045525340622018046
0.061342097135048304,-0.06634260599243147,0.08645050940607077
0.4023611029774471,-0.011731486877214379,0.04309842906763288
0.3509949600432154,0.14779419537166627,0.0451348506495909
0.14469927889169307,0.26979751395267715,0.08710100337110914
-0.004411439059545219,0.07708801354192588,0.2697973962712961
0.3227061750437044,0.10776743198998143,-0.028828521730043622
-0.1084204724915366,0.27312991438381207,0.072258742860251
0.24070671559283383,0.04297208695433742,0.12300403294580482
-0.020039026339796373,0.349994131220861,-0.12140432230512735
0.04221580334950934,-0.11286913986122082,0.1766636159030768
0.24117252427244484,-0.0684241941025195,-0.04137102482266661
0.06815470952038784,0.43538951801427744,-0.2238298540477854
-0.2808222191691996,0.004378518952979055,0.14846500728216938
0.16954153718692994,0.14564062736276345,0.15298938106810064
0.21656529682855336,0.12357663228912671,0.06040254561740256
0.05592714111147812,0.10941970716681966,-0.002978919363603283
0.027168829423120985,-0.10320370988221109,-0.009731943327480423
0.39332618099028027,0.028246759429977487,-0.011827234770076096
0.4080548754728635,0.21782182561992844,0.05117435866929443
0.11744710342273756,0.27344536886679716,-0.05276182701438996
-0.01622716991503685,-0.10751736119380029,0.1786036816733173
-0.02391662526691493,0.055455962869424565,-0.014616231727273284
-0.041536338552887395,0.02091546069286008,0.04788820795362825
0.0034655318660615775,0.09566826733621962,-0.21957335091238608
-0.26054834354143985,0.15413574416022915,0.06612695181912093
-0.16742665638489257,-0.18613352259771077,-0.011106538435364688
0.009554459900231883,-0.09291685117821315,-0.10899141519381178
-0.10329794083281968,0.18718872750331447,-0.0054278366687805155
0.07831162852242168,0.013586924039581838,0.13444735716994302
0.008789340756842873,0.21077111849517732,0.10395193407707137
0.02081736785128088,-0.001085301029201749,0.14964594598441538
0.19692074054343683,0.08917669452350037,0.22053717255131
0.23180843107632543,0.1448296955058658,0.10050007197438257
0.1601691422866603,0.37270289912955207,-0.07685200055099665
0.07359163492525013,0.03334577131289937,0.2688295139016343
0.1598550582459175,0.08895432368176433,0.07337302267748569
-0.011206028758300318,0.16120133567806005,-0.005890519692083346
-0.2403867401286775,-0.06363873902118808,0.05792340585180114
0.10512107328144607,-0.09711331616316059,0.026842524151820597
0.07917139074778017,0.18119514165319334,-0.09711935588718386
0.08715361418451892,0.16835735051354977,0.07429947862142738
0.1722964889156059,0.14868434858041749,0.5014985894877466
0.35832387486905365,0.06211123590804504,0.03845471568067388
0.11494146019589929,0.15975782324324356,-0.04717905862522255
0.1763625898235604,0.1316450652477201,0.10580210747385749
0.14197771344448823,0.02383228092677879,-0.03967696193188534
0.04554590303284038,0.06286041057475374,-0.12379526187214493
0.002822626477522624,0.10060844462767271,0.07751637771639319
0.14045435633361592,0.02261151508350625,-0.16179084247233705
0.07084017685775726,0.3290963083889351,-0.4618701668807581
-0.196181544214077,0.07682921913940466,0.10580377530074757
0.2193765921592953,0.012220693390635196,0.18009692571750768
0.20563407085174634,0.06992989101030053,0.06356340544056582
0.2128589778511737,0.14762442990294042,0.0031666051920654983
0.26107475856104173,0.3413624973420473,0.2969491549593293
0.11297889725712343,0.1200481659792529,0.2995695740779298
0.08655820079894912,0.25619890117957106,0.1991554774650796
0.08251041998276647,0.36866897764735185,0.14996615406933855
0.41775784553322376,0.15018026313767807,0.23503454845357585
0.3680899856800641,0.4037410415825352,0.1075591583263418
0.10580505634775231,0.372629971657107,0.17213786532620265
0.1786871278821599,0.10636054672179208,0.21545474951342672
0.05025104350681152,0.27969213610805554,0.05325718693468737
0.03457077752781493,0.1933606571822932,0.027154216691758604
-0.061494654863109705,-0.0854505483058817,-0.058270077619527155
-0.0016092667486867496,-0.018944223821243403,-0.06578404760731353
0.19242247748549524,-0.000510139002730059,0.21515762072969097
0.09529056584587227,0.03126606355023494,0.0697234767278719
0.14550932589134888,0.07295707748267377,0.14397078887749337
0.16291241186596483,0.20645905452908597,0.17032961784497902
0.054324319792884754,0.33236843329192667,0.03970577723382484
0.02638643397609053,0.006345088128851702,0.11417171393411593
0.15340417888456137,0.04445478851045258,-0.06974886435582994
0.07457026428613922,0.07225442662210788,0.027968043525773943
0.06608399429209516,0.1393596968386562,0.1580489583374359
0.1841628598490645,0.16947967121609553,0.0767827989150362
-0.05066988801090641,0.009650083750181088,0.1240555487456944
0.14119812179292024,-0.027720805724359133,0.020127481440417525
-0.08614609090610732,-0.0044642561891025945,-0.054313721398360444
-0.07074371535339075,-0.12148674015460995,0.18964962757692014
-0.053108248598212754,0.15872831891869865,0.16691886195667888
0.1459734858313411,-0.35229513204973645,0.25733465594737404
0.01993330774686819,0.04480258911123908,-0.27602331026634713
-0.19893531369968595,0.23370552688153326,0.11518382994283957
0.24878487810586492,-0.12178068873276574,0.2534269846662447
0.22255093027446998,0.31505073056647687,-0.10541175736312274
0.07538823133465788,0.25467651053693974,0.1246737029253979
0.1862774131350226,-0.02925494335684435,0.27267220561888994
0.24212449544768852,0.29142512134766646,-0.25639815297690727
0.11833951102270139,0.37403027996716537,0.15788742762293756
0.21810333709162305,0.08455409800958,0.09135614304532404
0.030630319942682976,0.1360890276864477,0.025919143745937012
-0.02821222303948656,0.04865739632434725,0.07644857470727892
0.010167164092252483,0.08338782733057254,0.0027532277728925247
-0.0834722526351901,0.037350220839044504,0.07401345335664644
0.30171508965601923,-0.05696929251100816,0.06341595810881967
0.22242510997268988,0.24013789305871044,0.047976634412514346
0.10116467610750293,0.5554179244312808,0.2778755441880785
0.3226400979368835,0.007611954616080663,0.27603953997608427
0.41052661270951696,0.1070099285659889,0.09870645447183636
0.15007845851909546,0.7905595382424266,-0.0713166316636365
-0.14931590023610736,0.24588097722881255,0.6411234296106577
0.28908957531786805,-0.038017023624531264,0.012540136758322745
0.07508018964065674,-0.035916139993968865,0.064992606752294
0.09985961194672471,0.5065240073157634,0.20773203921978203
0.1227816475879029,0.25464279217274005,0.2441691334692736
0.04905235963408834,0.31100990352163294,0.2996371084166884
0.22009407986883037,0.12681953231677276,0.17269329173285175
0.060782873411526925,0.04042339762486738,0.01551295046997702
0.07697652151266224,0.07254825355832543,0.11821752175691899
